provider,sentence,up_votes,down_votes,age,gender,accent,locale,segment,sentence_len,is_asian,us_eu,jobName,transcript
Amazon,"At first they were considered ""Stegosaurus"" exemplars.",2,0,twenties,female,hongkong,en,,7,TRUE,FALSE,common_voice_en_22630065.mp3,At first they were considered stegosaurus exemplars.
Amazon,The game contains many references to the Bible.,2,1,thirties,male,hongkong,en,,8,TRUE,FALSE,common_voice_en_20544026.mp3,The game contains many references to the bible.
Amazon,Don’t be a fool!,2,0,fourties,male,hongkong,en,,4,TRUE,FALSE,common_voice_en_17787387.mp3,Don't Be a Fool.
Amazon,Prospect Hill's science offerings include physics.,2,0,twenties,male,hongkong,en,,6,TRUE,FALSE,common_voice_en_22969285.mp3,Prospect Hill's science offerings include physics.
Amazon,They have all four properties described above.,2,0,twenties,male,hongkong,en,,7,TRUE,FALSE,common_voice_en_22423410.mp3,They have all four properties described it about.
Amazon,You've got just ten minutes.,3,0,thirties,male,hongkong,en,,5,TRUE,FALSE,common_voice_en_17663.mp3,you have got just 10 minutes.
Amazon,It was cancelled early in its second season.,2,0,twenties,male,hongkong,en,,8,TRUE,FALSE,common_voice_en_21786381.mp3,it was cancelled early in its second season.
Amazon,"No, you cannot have that lollipop.",2,0,twenties,male,hongkong,en,,6,TRUE,FALSE,common_voice_en_17264229.mp3,"No, you cannot have that lollipop."
Amazon,"""You have plenty of courage, I am sure,"" answered Oz.",2,1,twenties,male,hongkong,en,,10,TRUE,FALSE,common_voice_en_18441981.mp3,"You have plenty of courage, I'm sure answer it odds."
Amazon,It has been so long since I have seen you!,2,0,fourties,male,hongkong,en,,10,TRUE,FALSE,common_voice_en_17816517.mp3,It has been so long since I have seen you.
Amazon,"The team colours are blue, white and black.",2,0,twenties,male,hongkong,en,,8,TRUE,FALSE,common_voice_en_22257412.mp3,"The team colors are blue, white and black."
Amazon,"He saw the cabs waiting, the people passing.",2,0,twenties,male,hongkong,en,,8,TRUE,FALSE,common_voice_en_20867349.mp3,"He saw the caps written, the people passing."
Amazon,This could be used as a protection when a tribune needed to arrest someone.,2,0,twenties,male,hongkong,en,,14,TRUE,FALSE,common_voice_en_20912992.mp3,This could be used as a protection when attribute needed to arrest someone. Mhm.
Amazon,"Complaints eventually became loud enough that they decided ""something"" had to be done.",2,0,twenties,male,hongkong,en,,13,TRUE,FALSE,common_voice_en_22355867.mp3,Complaints eventually became loud enough that they decided something had to be done.
Amazon,At the moment it doesn't provide a weekend news service.,2,0,twenties,male,hongkong,en,,10,TRUE,FALSE,common_voice_en_21786191.mp3,At the moment it doesn't provide a weekend new service.
Amazon,Don’t worry about me.,2,0,fourties,male,hongkong,en,,4,TRUE,FALSE,common_voice_en_17776615.mp3,Don't worry about me.
Amazon,They ask for approval without examination of the reason.,2,1,twenties,male,hongkong,en,,9,TRUE,FALSE,common_voice_en_22257423.mp3,They asked for approval with the examination of the reason.
Amazon,Goats always have a better view.,2,0,thirties,male,hongkong,en,,6,TRUE,FALSE,common_voice_en_17613.mp3,goat always have a better view.
Amazon,He left service with the rank of commander.,2,0,twenties,male,hongkong,en,,8,TRUE,FALSE,common_voice_en_22248437.mp3,He left service with the rank of commander.
Amazon,Writing credits and songs' lengths are in accord with album's inner notes.,2,0,,,hongkong,en,,12,TRUE,FALSE,common_voice_en_22445724.mp3,Writing credits and songs links are in accord with albums in our nukes.
Amazon,It is one of seven state roads that travel through the city of Chicago.,2,0,twenties,male,hongkong,en,,14,TRUE,FALSE,common_voice_en_22257990.mp3,Is this one of seven states roles that travel through the city of Chicago?
Amazon,A conservative.,2,1,fourties,male,hongkong,en,,2,TRUE,FALSE,common_voice_en_17799195.mp3,A Conservative.
Amazon,The organization was originally known as the Commandant's Warfighting Laboratory.,2,0,teens,male,hongkong,en,,10,TRUE,FALSE,common_voice_en_22177351.mp3,The organization was originally known as the Commandant's for Fighting Laboratory.
Amazon,"I haven't played around with that yet, but I'd love to hear if you have in the comments.",2,1,fourties,male,hongkong,en,,18,TRUE,FALSE,common_voice_en_219302.mp3,"I haven't played around with that yet, but I'd love to hear if you have in the comments."
Amazon,"Also, when you play it live, it just kind of gets boring.",2,0,thirties,male,hongkong,en,,12,TRUE,FALSE,common_voice_en_22606561.mp3,"Oh, so when you play it life, it just kind of gets boring."
Amazon,"It is long, and graded ""Very Difficult"".",2,0,teens,male,hongkong,en,,7,TRUE,FALSE,common_voice_en_18987958.mp3,"It is long and graded, very difficult."
Amazon,William was naturally driven by this to oppose King Henry.,2,0,twenties,male,hongkong,en,,10,TRUE,FALSE,common_voice_en_22355775.mp3,Medium was naturally driven by this to oppose king hurry.
Amazon,Where did you say this man worked?,2,0,fourties,male,hongkong,en,,7,TRUE,FALSE,common_voice_en_17808853.mp3,Where did you say this man worked?
Amazon,His term as premier is regarded by historians as a failure.,2,0,twenties,male,hongkong,en,,11,TRUE,FALSE,common_voice_en_23377193.mp3,His term as prime Maria is regarded by historians as a failure.
Amazon,"Man proposes, God disposes.",2,1,twenties,male,hongkong,en,,4,TRUE,FALSE,common_voice_en_17247255.mp3,man proposes God disposes.
Amazon,How could you even think that?,2,0,thirties,male,hongkong,en,,6,TRUE,FALSE,common_voice_en_214017.mp3,"Yeah, How could you even think That?"
Amazon,They have a black tail with white outer feathers.,2,1,twenties,male,hongkong,en,,9,TRUE,FALSE,common_voice_en_22257650.mp3,They have a black tail with white Ultra feathers.
Amazon,What do you think?,2,0,thirties,male,hongkong,en,,4,TRUE,FALSE,common_voice_en_214018.mp3,What Do you think?
Amazon,Harrison has since made periodic appearances on a recurring capacity.,2,0,twenties,female,hongkong,en,,10,TRUE,FALSE,common_voice_en_22630060.mp3,Harrison has since made periodic appearances on a recurring capacity.
Amazon,The hottest month is July and the coldest is February.,2,0,thirties,male,hongkong,en,,10,TRUE,FALSE,common_voice_en_22449628.mp3,The hottest month is july and the coldest is february.
Amazon,"Operating an engine in this area is known as ""redlining"".",2,1,twenties,female,hongkong,en,,10,TRUE,FALSE,common_voice_en_23239232.mp3,Operating engine in this area is known as red lining.
Amazon,While the cats away the mice play.,2,1,fourties,male,hongkong,en,,7,TRUE,FALSE,common_voice_en_17782213.mp3,"While the Cat's away, the mice play."
Amazon,"The man looked up from his book and, noticing nothing newsworthy, returned his gaze to the page and continued reading.",2,0,fourties,male,hongkong,en,,20,TRUE,FALSE,common_voice_en_17776745.mp3,"the man looked up from his book and noticing nothing newsworthy, returned his gaze to the page and continue reading."
Amazon,Let's go to something!,2,1,thirties,female,hongkong,en,,4,TRUE,FALSE,common_voice_en_20751487.mp3,Let's Go To Something.
Amazon,Do as I say not as I do.,2,1,fourties,male,hongkong,en,,8,TRUE,FALSE,common_voice_en_17816539.mp3,"Do as I say, not as I do."
Amazon,I need ten dollars.,2,0,thirties,male,hongkong,en,,4,TRUE,FALSE,common_voice_en_17620.mp3,I need $10.
Amazon,The nearest airfield is Bluefields Airport.,2,0,twenties,male,hongkong,en,,6,TRUE,FALSE,common_voice_en_22248809.mp3,The nearest airfield is Boo Field Airport.
Amazon,To take a drop too much.,2,0,fourties,male,hongkong,en,,6,TRUE,FALSE,common_voice_en_17782890.mp3,Take a Drop too much.
Amazon,That's got nothing to do with it!,3,0,thirties,male,hongkong,en,,7,TRUE,FALSE,common_voice_en_17618.mp3,That's got nothing to do with it.
Amazon,It can be relieved by moving stock into shade.,2,0,twenties,male,hongkong,en,,9,TRUE,FALSE,common_voice_en_22423375.mp3,It can be relieved by moving stock into shade.
Amazon,The album was inspired by his divorce from his ex-wife.,2,0,twenties,male,hongkong,en,,10,TRUE,FALSE,common_voice_en_22248762.mp3,The album was inspired by his divorce from his ex wife.
Amazon,They are not oppressed to the stem.,2,1,twenties,female,hongkong,en,,7,TRUE,FALSE,common_voice_en_22979095.mp3,They are not oppressed to the scene.
Amazon,The Kagawong River consists of two parts.,2,0,,male,hongkong,en,,7,TRUE,FALSE,common_voice_en_22913020.mp3,The cargo one with consists of two parts.
Amazon,The Connecticut Wits eventually followed their interests in divergent directions.,2,1,,,hongkong,en,,10,TRUE,FALSE,common_voice_en_22445754.mp3,The Connecticut beats eventually followed their interest in divergent directions.
Amazon,"Such individuals may be detained indefinitely in ""ankang"" centres.",2,0,twenties,female,hongkong,en,,9,TRUE,FALSE,common_voice_en_22940328.mp3,Such individuals may be detained indefinitely in an can centers.
Amazon,Least Heat-Moon has Osage and European-American ancestry.,2,0,twenties,male,hongkong,en,,7,TRUE,FALSE,common_voice_en_21786276.mp3,"least heat moon has oxygen, European American ancestry."
Amazon,"The industries most commonly affected are banking, manufacturing, and government.",2,0,twenties,male,hongkong,en,,10,TRUE,FALSE,common_voice_en_22248779.mp3,"The industry's most commonly affected banking, manufacturing, and government."
Amazon,The pirates seized the crew of the lost ship.,2,0,fourties,male,hongkong,en,,9,TRUE,FALSE,common_voice_en_17799162.mp3,The pirates seized the crew of the lost ship.
Amazon,My hamster turned my homework into bedding.,3,0,thirties,male,hongkong,en,,7,TRUE,FALSE,common_voice_en_17733.mp3,my hamster turned my homework into bedding.
Amazon,"He mashed in the controller buttons, hoping for some extra speed.",3,1,thirties,male,hongkong,en,,11,TRUE,FALSE,common_voice_en_17709.mp3,"He mashed it into controller bottoms, hoping for some extra speed."
Amazon,They're on their way.,2,1,thirties,male,hongkong,en,,4,TRUE,FALSE,common_voice_en_17610.mp3,They are on their way.
Amazon,The lure is used to catch trout and flounder.,2,0,fourties,male,hongkong,en,,9,TRUE,FALSE,common_voice_en_17787381.mp3,The lure is used to catch trial and flounder.
Amazon,Rabbit remains unswayed and returns home.,2,0,twenties,male,hongkong,en,,6,TRUE,FALSE,common_voice_en_22248403.mp3,Rabbit remain unswayed and returns home.
Amazon,He affiliated himself with the Free Soil Party and was later a Republican.,2,0,twenties,female,hongkong,en,,13,TRUE,FALSE,common_voice_en_22630030.mp3,He affiliated himself with the Free Soil Party and was later a Republican.
Amazon,Did you know that Nikola was going to join us?,2,0,twenties,male,hongkong,en,,10,TRUE,FALSE,common_voice_en_17264418.mp3,Did you know that like l a was going to join us?
Amazon,The swan dive was far short of perfect.,2,0,fourties,male,hongkong,en,,8,TRUE,FALSE,common_voice_en_17776698.mp3,This one dive was far short of perfect.
Amazon,"This however, was his only attempt at Formula One.",2,0,twenties,male,hongkong,en,,9,TRUE,FALSE,common_voice_en_22248513.mp3,"This, however, was his only attempt at Formula one."
Amazon,"Low-rate production would lead to type-classification, resulting in removing the ""X"" from its designation.",2,0,twenties,male,hongkong,en,,14,TRUE,FALSE,common_voice_en_22248431.mp3,"Low wage production would lead to type classification, resulting in removing the X from its destination."
Amazon,The restoration also addressed decorative and environmental improvements to the building.,2,0,teens,male,hongkong,en,,11,TRUE,FALSE,common_voice_en_22224664.mp3,The restoration also addressed decorative and environmental improvements to the building.
Amazon,"All songs written by Peter Buck, Mike Mills, and Michael Stipe unless otherwise indicated.",2,0,twenties,male,hongkong,en,,14,TRUE,FALSE,common_voice_en_22400682.mp3,"All songs written by Peter, buck, Mike Mills and Michael tips Trip unless otherwise indicated."
Amazon,The building has been designated by English Heritage as a Grade One listed building.,2,0,twenties,female,hongkong,en,,14,TRUE,FALSE,common_voice_en_22437940.mp3,The building has been designated by English Heritage as Great one listed building.
Amazon,"He played college football for the University of Florida, and earned All-American honors.",2,1,twenties,male,hongkong,en,,13,TRUE,FALSE,common_voice_en_22377282.mp3,They played connect too small for the university of florida and american owners. Mhm.
Amazon,The demand was scarce.,2,0,twenties,male,hongkong,en,,4,TRUE,FALSE,common_voice_en_23383935.mp3,The demand was sacred.
Amazon,"In the same year, the United States Army built a telegraph station.",2,0,twenties,female,hongkong,en,,12,TRUE,FALSE,common_voice_en_22979093.mp3,In the same year the United States Army built a telegraph station.
Amazon,This is similar to what happens when humans breathe or drink through a straw.,2,0,twenties,male,hongkong,en,,14,TRUE,FALSE,common_voice_en_23802590.mp3,This is similar to what happens when humans breathe or drink through a straw.
Amazon,"Historic mills were usually powered by water, wind or horse power.",2,1,twenties,male,hongkong,en,,11,TRUE,FALSE,common_voice_en_17737894.mp3,"Historic meals were usually powered by water, wind or house power."
Amazon,Every Jack has his Jill.,2,0,twenties,male,hongkong,en,,5,TRUE,FALSE,common_voice_en_17737893.mp3,Every Jack has his too.
Amazon,She began her career as an economist at the World Bank.,2,0,teens,male,hongkong,en,,11,TRUE,FALSE,common_voice_en_18978482.mp3,She began her career as an economic missed as the World Bank.
Amazon,He first gained notice as an assistant district attorney in Philadelphia.,2,0,,male,hongkong,en,,11,TRUE,FALSE,common_voice_en_22913085.mp3,He first gained notice as an assistant district attorney in philadelphia.
Amazon,Many retain their original window stickers.,2,0,twenties,male,hongkong,en,,6,TRUE,FALSE,common_voice_en_22355865.mp3,Many retain their original windows stickers.
Amazon,The medal was worn on the upper right side of the chest.,2,0,twenties,male,hongkong,en,,12,TRUE,FALSE,common_voice_en_22423363.mp3,Tomato was worn on the upper right side of the chest.
Amazon,Almost nothing is known about its characteristics.,2,0,twenties,female,hongkong,en,,7,TRUE,FALSE,common_voice_en_22437967.mp3,Almost nothing is known about its characteristics.
Amazon,It shall be done!,2,0,fourties,male,hongkong,en,,4,TRUE,FALSE,common_voice_en_17782881.mp3,It shall be done.
Amazon,But I'm liable to get into a jam.,2,1,fourties,male,hongkong,en,,8,TRUE,FALSE,common_voice_en_219324.mp3,But I'm liable to get into a jam.
Amazon,A later letter informs Watanabe that Naoko has killed herself.,3,2,twenties,male,hongkong,en,,10,TRUE,FALSE,common_voice_en_23383926.mp3,A later letters informs Water in a bit Dead Now Go has killed herself.
Amazon,It is owned by Concord Bicycle Music.,2,0,twenties,male,hongkong,en,,7,TRUE,FALSE,common_voice_en_21786688.mp3,It is owned by concord bicycle music.
Amazon,I have a headache and a sore throat.,2,0,fourties,male,hongkong,en,,8,TRUE,FALSE,common_voice_en_17776605.mp3,I have a headache and a sore throat.
Amazon,Regional municipalities are found only in Southern Ontario.,2,1,twenties,male,hongkong,en,,8,TRUE,FALSE,common_voice_en_21786544.mp3,regional municipalities are only found in southern Ontario.
Amazon,"In a cinematic rope-down maneuver, the special forces overwhelmed the criminals.",2,0,fourties,male,hongkong,en,,11,TRUE,FALSE,common_voice_en_17787324.mp3,"In a cinematic dropdown maneuver, the special forces overwhelm the criminals."
Amazon,The game is set in the world of Vikings and Norse mythology.,2,1,thirties,male,hongkong,en,,12,TRUE,FALSE,common_voice_en_22449613.mp3,The game is set in the world of Vikings and norse mythology.
Amazon,"Six days later, the station reopened with a temporary building.",2,0,twenties,male,hongkong,en,,10,TRUE,FALSE,common_voice_en_22257618.mp3,"Six days later, the station reopened with a temporary building."
Amazon,The greater number of strings offers almost endless possibilities.,2,0,,male,hongkong,en,,9,TRUE,FALSE,common_voice_en_22913432.mp3,The greater number of strength offers almost endless possibilities.
Amazon,Saint Moling founded a monastery on the River Barrow.,2,1,twenties,male,hongkong,en,,9,TRUE,FALSE,common_voice_en_22248807.mp3,saint Mauling founded a monastery on the river power.
Amazon,"Two seasons later, a second-placed finish saw them promoted back to the Premier Division.",2,0,twenties,female,hongkong,en,,14,TRUE,FALSE,common_voice_en_22967845.mp3,"Two seasons later, a second place finish, Soda promoted back to the Premier Division."
Amazon,The Pistons traded Hill to Orlando for Chucky Atkins and Ben Wallace.,2,0,twenties,female,hongkong,en,,12,TRUE,FALSE,common_voice_en_22940330.mp3,"The pistons traded Hill to Orlando for Chucky, Atkins and Ben Wallace."
Amazon,"Morris was born in Radcliffe, Lancashire.",2,0,twenties,male,hongkong,en,,6,TRUE,FALSE,common_voice_en_21786746.mp3,"Morris was born in Ratcliff, Lancashire."
Amazon,It is the only major A-road in Australia that is partially unsealed.,2,0,,,hongkong,en,,12,TRUE,FALSE,common_voice_en_22445694.mp3,It is the only major a roads in Australia that is partially unsealed.
Amazon,The public market is in the area.,2,1,twenties,male,hongkong,en,,7,TRUE,FALSE,common_voice_en_23592781.mp3,The public market is in the area.
Amazon,"As a result, conventional military strategies often demand possession of high ground.",2,0,thirties,female,hongkong,en,,12,TRUE,FALSE,common_voice_en_22332460.mp3,"As a result, conventional military strategies often demand possession of high ground."
Amazon,A number of people have hailed from Nyeri County.,2,0,twenties,male,hongkong,en,,9,TRUE,FALSE,common_voice_en_21786168.mp3,A number of people have held from Nyeri County.
Amazon,It can loosely be defined as the inverse of the reaction rate.,2,0,twenties,male,hongkong,en,,12,TRUE,FALSE,common_voice_en_22423376.mp3,It can loosely be defined as the inverse of the reaction rate.
Amazon,Once you get familiar with it you will want to use it for everything.,3,0,thirties,male,hongkong,en,,14,TRUE,FALSE,common_voice_en_17567.mp3,"Once you get familiar with it, you will want to use it for everything."
Amazon,I'm always up before the sun has risen.,2,0,twenties,male,hongkong,en,,8,TRUE,FALSE,common_voice_en_18441986.mp3,I'm always up before the sun has rise it.
Amazon,Organisms typically cannot metabolize all types of carbohydrate to yield energy.,2,1,twenties,male,hongkong,en,,11,TRUE,FALSE,common_voice_en_22257847.mp3,Organisms typically cannot metabolize all types of carbohydrates to your energy.
Amazon,The pods of peas ferment in bare fields.,2,0,fourties,male,hongkong,en,,8,TRUE,FALSE,common_voice_en_17853220.mp3,The Parts of Peace furman in Bear Views.
Amazon,Grasp no more than thy hand will hold.,2,0,fourties,male,hongkong,en,,8,TRUE,FALSE,common_voice_en_17816584.mp3,Grass no more than the High Hand will Hold.
Amazon,We must therefore conclude that he had no such pretensions.,2,0,twenties,male,hongkong,en,,10,TRUE,FALSE,common_voice_en_22245628.mp3,We must therefore conclude that he had no such pretensions.
Amazon,It has also been asserted that this questions the peer review process.,2,0,twenties,male,hongkong,en,,12,TRUE,FALSE,common_voice_en_21786163.mp3,It has also been a sort of that this question is the peer review process.
Amazon,You wouldn't mind living in the nicest house in town.,3,0,thirties,male,hongkong,en,,10,TRUE,FALSE,common_voice_en_214005.mp3,You wouldn't mind living in the nicest house in town.
Amazon,Before he gets through tonight he'll ruin us all!,4,2,thirties,male,hongkong,en,,9,TRUE,FALSE,common_voice_en_17771.mp3,"before he gets through tonight, he will ruin us all."
Amazon,"Not just that, I have a feeling I'll be helping you track down your wayward researcher as well.",2,0,fourties,male,hongkong,en,,18,TRUE,FALSE,common_voice_en_17787339.mp3,Not just that I have a feeling I'll be helping you track down your wayward researcher as well.
Amazon,All cats are grey in the dark.,2,0,fourties,male,hongkong,en,,7,TRUE,FALSE,common_voice_en_17799199.mp3,All cats are grey in the dark.
Amazon,"Nowadays, there are hydroelectric power stations in use.",2,1,twenties,male,hongkong,en,,8,TRUE,FALSE,common_voice_en_23786951.mp3,Nowadays there are hydro electric power stations in use.
Amazon,Sarah told him that she was there to see her brother.,2,1,fourties,male,hongkong,en,,11,TRUE,FALSE,common_voice_en_17816540.mp3,Sarah told him that she was there to see her brother.
Amazon,The Ocklawaha Hotel catered to the wealthy.,2,0,twenties,male,hongkong,en,,7,TRUE,FALSE,common_voice_en_23383929.mp3,The Okinawa Hotel catered to the wealthy.
Amazon,His great-granddaughter Margaret Biddle married Thomas Biddle of the Biddle family of Philadelphia.,2,0,thirties,male,hongkong,en,,13,TRUE,FALSE,common_voice_en_22449599.mp3,"His great granddaughter, Margaret Biddle married thomas middle of the biddle family of philadelphia."
Amazon,"Doctor, we have a medical emergency, and we need you at the emergency room now.",2,0,fourties,male,hongkong,en,,15,TRUE,FALSE,common_voice_en_17782884.mp3,Doctor we have a medical emergency and we need you at the emergency room now.
Amazon,These sausages are extremely tasty.,2,0,fourties,male,hongkong,en,,5,TRUE,FALSE,common_voice_en_219297.mp3,These sausages are extremely tasty.
Amazon,And I'm going to build things.,3,0,thirties,male,hongkong,en,,6,TRUE,FALSE,common_voice_en_17693.mp3,and I'm going to build things.
Amazon,"""I started my family from scratch again,"" he said.",2,0,twenties,male,hongkong,en,,9,TRUE,FALSE,common_voice_en_22378001.mp3,I studied my family from scratch.
Amazon,"The little girl wanted to have a balloon, but was too shy to ask.",2,0,fourties,male,hongkong,en,,14,TRUE,FALSE,common_voice_en_17776695.mp3,The little girl wanted to have a balloon but was too shy to ask.
Amazon,I am supposed to be here.,2,1,fourties,male,hongkong,en,,6,TRUE,FALSE,common_voice_en_17782223.mp3,I'm supposed to be here.
Amazon,Home is where the heart is.,2,0,fourties,male,hongkong,en,,6,TRUE,FALSE,common_voice_en_17860946.mp3,Home is where the heart is.
Amazon,"The site is owned by ""The Chronicle of Higher Education"".",2,0,twenties,male,hongkong,en,,10,TRUE,FALSE,common_voice_en_22245624.mp3,Besides is owned by the Chronicle of Higher Education.
Amazon,"Although she is beautiful, she would rather be with the horses than with men.",2,0,twenties,male,hongkong,en,,14,TRUE,FALSE,common_voice_en_23377199.mp3,"Although she is beautiful, she would rather be with their horses than with men."
Amazon,"If there is evidence of failure to disclose, yes, we have a problem.",2,0,twenties,male,indian,en,,13,TRUE,FALSE,common_voice_en_22378145.mp3,"If there is evidence of failure to disclose yes, we have a problem."
Amazon,"The sign is normally pronounced ""plus or minus"".",2,0,twenties,female,indian,en,,8,TRUE,FALSE,common_voice_en_18733683.mp3,the sign is normally pronounced plus or minus.
Amazon,Meanwhile Win Chadha also died.,2,0,thirties,male,indian,en,,5,TRUE,FALSE,common_voice_en_19437194.mp3,"Meanwhile, been Chadda also died."
Amazon,Where is my dress?,2,0,twenties,male,indian,en,,4,TRUE,FALSE,common_voice_en_17520264.mp3,Where is My Dress?
Amazon,Benjamin was snacking on strips of bacon.,2,1,teens,female,indian,en,,7,TRUE,FALSE,common_voice_en_155227.mp3,Benjamin was snacking on strips of bacon.
Amazon,The Quakers have a Meeting House on the Lower Churchtown Road.,2,1,twenties,male,indian,en,,11,TRUE,FALSE,common_voice_en_22292169.mp3,"the Quakers have a meeting House Kong, the lower judge down road."
Amazon,Musically we were going to meet each other half way.,2,1,twenties,male,indian,en,,10,TRUE,FALSE,common_voice_en_18733300.mp3,basically we're going to meet each other.
Amazon,Surveys are just like a platform where good and bad estimations are mingled together.,2,0,thirties,female,indian,en,,14,TRUE,FALSE,common_voice_en_21721575.mp3,"Surveys are just like a platform, very good and bad estimations are mingled together."
Amazon,Emory has numerous club sports and a variety of recreational and competitive intramural teams.,2,0,teens,female,indian,en,,14,TRUE,FALSE,common_voice_en_21362374.mp3,"Murray has numerous clubs, sports and variety of recreational and competitive intramural teams."
Amazon,A colour version of the music video was later made available.,2,0,thirties,male,indian,en,,11,TRUE,FALSE,common_voice_en_20735452.mp3,A colour version of the music video was later made available.
Amazon,Emma's going away immediately after tea might give offence.,2,0,twenties,male,indian,en,,9,TRUE,FALSE,common_voice_en_19953596.mp3,And must going away immediately after T might give offence.
Amazon,Valentine sits on the boards of several organisations in the United Kingdom.,2,0,thirties,male,indian,en,,12,TRUE,FALSE,common_voice_en_18946831.mp3,Valentine sits on the boards of several organizations in the United Kingdom.
Amazon,She spent almost all night finishing her thesis.,2,0,twenties,male,indian,en,,8,TRUE,FALSE,common_voice_en_109349.mp3,She spent almost all night finishing her thesis.
Amazon,Gold- and silversmiths as well as copper engraving and lithography flourished.,2,0,fourties,male,indian,en,,11,TRUE,FALSE,common_voice_en_23541654.mp3,"Gold and silver smiths, as well as corporate engraving and lithography, flourished."
Amazon,Claudius returned to Rome after the battle to attend to affairs of state.,2,0,twenties,male,indian,en,,13,TRUE,FALSE,common_voice_en_19477209.mp3,Claudius returned to Rome after the battle to attend to affairs of state.
Amazon,"He's a regular and he's connected, but then I expect you knew that much already.",3,0,twenties,male,indian,en,,15,TRUE,FALSE,common_voice_en_17276740.mp3,"Who is a regular and is connected, but then I expect you knew that much already."
Amazon,His career spanned more than fifty years.,2,0,twenties,female,indian,en,,7,TRUE,FALSE,common_voice_en_22447951.mp3,His career spanned more than 50 years.
Amazon,"It was seen early in the morning, rushing over eastward.",3,0,thirties,male,indian,en,,10,TRUE,FALSE,common_voice_en_120091.mp3,it was seen early in the morning rushing over East World.
Amazon,"The Amazons were attributed to the Circassians via the root ""maze"".",2,0,twenties,female,indian,en,,11,TRUE,FALSE,common_voice_en_22670212.mp3,The amazons were attributed to the Circassians were the root maze.
Amazon,"""Shining Force"" also possesses an exploration mode that occurs outside of battle.",2,1,twenties,male,indian,en,,12,TRUE,FALSE,common_voice_en_23627830.mp3,Shining Force also possesses an exploration mode that goes outside of the battle Yeah.
Amazon,"They are part of the Sawa ethnic groups, those who live on the coast.",2,0,thirties,male,indian,en,,14,TRUE,FALSE,common_voice_en_21476599.mp3,"There are part of the Sava ethnic groups, those who live on the coast."
Amazon,It is the biggest telescope in the world.,2,1,twenties,male,indian,en,,8,TRUE,FALSE,common_voice_en_18666500.mp3,is the biggest telescope in the world.
Amazon,You can pay with both escudos and euros.,2,1,twenties,male,indian,en,,8,TRUE,FALSE,common_voice_en_22312599.mp3,You've been very more sweet. Sue Connie Ross.
Amazon,In one match the Gentlemen had eighteen and in two more seventeen.,2,0,twenties,male,indian,en,,12,TRUE,FALSE,common_voice_en_22772596.mp3,"In one match, the Gentleman had 18 and in two more 17."
Amazon,The newspapers demanded democracy.,2,0,twenties,male,indian,en,,4,TRUE,FALSE,common_voice_en_13813670.mp3,The newspapers demanded democracy.
Amazon,We're going to Paris for our honeymoon.,2,0,thirties,male,indian,en,,7,TRUE,FALSE,common_voice_en_18427495.mp3,We are going to paris for our honeymoon.
Amazon,"The more you read, the better you will be understood.",2,0,teens,male,indian,en,,10,TRUE,FALSE,common_voice_en_17247726.mp3,The more you read the battery will be understood.
Amazon,A walking path surrounds the whole complex.,2,1,twenties,male,indian,en,,7,TRUE,FALSE,common_voice_en_19201294.mp3,The working parts around start a whole complex.
Amazon,"Most people using the term ""exponentially"" don't know what it actually means.",2,0,twenties,male,indian,en,,12,TRUE,FALSE,common_voice_en_17779740.mp3,most people using the term exponentially don't know what actually means.
Amazon,"Words are, in my not-so-humble opinion, our most inexhaustible source of magic.",2,1,twenties,male,indian,en,,12,TRUE,FALSE,common_voice_en_17392884.mp3,"Goods are, in my not so humble opinion, our most inexhaustible source of bad."
Amazon,"The couple had one son, Mario.",2,0,twenties,male,indian,en,,6,TRUE,FALSE,common_voice_en_22321100.mp3,"The couple had one son, Mario."
Amazon,"Alcohol, tobacco, coffee and tea were prohibited, as in many Latter Day Saint denominations.",2,0,twenties,male,indian,en,,14,TRUE,FALSE,common_voice_en_19459011.mp3,"alcohol, tobacco, coffee empty were prohibited, as in many latter day saint denominations."
Amazon,I know very well what you're talking about.,2,0,twenties,female,indian,en,,8,TRUE,FALSE,common_voice_en_179975.mp3,I know very well what you're talking about.
Amazon,Such brilliant tactical success earned him a permanent place among Korea's most famous leaders.,2,0,twenties,female,indian,en,,14,TRUE,FALSE,common_voice_en_22687296.mp3,Such brilliant tactical saxes earned him a permanent place among Korea's most famous leaders.
Amazon,The engine gave about six horse-power.,2,0,thirties,female,indian,en,,6,TRUE,FALSE,common_voice_en_21764414.mp3,The engine gave about six hp.
Amazon,"Chespirito owned the rights to ""El Chavo"" and ""El Chapulín Colorado"".",2,1,twenties,male,indian,en,,11,TRUE,FALSE,common_voice_en_18685062.mp3,"test burrito, all the rights to else avo and supple in Colorado."
Amazon,"On basis of the report, a global tender was floated.",2,0,thirties,male,indian,en,,10,TRUE,FALSE,common_voice_en_19023271.mp3,"on the basis of the report, Global tenure was floating."
Amazon,Its E minor soprano solo is prefigured in Weronika's final performance.,2,0,twenties,female,indian,en,,11,TRUE,FALSE,common_voice_en_22448659.mp3,C Minor soprano solo is prefigured in veronica's final performance.
Amazon,Services are scant along this road.,3,1,twenties,male,indian,en,,6,TRUE,FALSE,common_voice_en_23702810.mp3,Services are scant along this suit.
Amazon,I'm going to medical school.,2,1,twenties,male,indian,en,,5,TRUE,FALSE,common_voice_en_18577158.mp3,I'm going to Medical School.
Amazon,Have you the key?,2,0,twenties,male,indian,en,,4,TRUE,FALSE,common_voice_en_17704589.mp3,Have You the Key?
Amazon,Do you like fruit?,2,1,thirties,male,indian,en,,4,TRUE,FALSE,common_voice_en_17251288.mp3,Do You Like Fruit?
Amazon,"Ignoring these orders, the Marines continued to resist.",3,0,twenties,male,indian,en,,8,TRUE,FALSE,common_voice_en_19760554.mp3,"ignoring these orders, the Marines continue to resist."
Amazon,"Ordering is approximate, as there is considerable overlap.",3,0,thirties,male,indian,en,,8,TRUE,FALSE,common_voice_en_22781009.mp3,Uh ordering is approximate as there is considerable our lab.
Amazon,"When there's a loss of cabin pressure, oxygen masks will automatically drop down.",2,0,thirties,male,indian,en,,13,TRUE,FALSE,common_voice_en_17250950.mp3,when there is a loss of cabin pressure of season masks will automatically drop them.
Amazon,Ignorance is bliss.,2,0,twenties,male,indian,en,,3,TRUE,FALSE,common_voice_en_18242582.mp3,ignorance is placed.
Amazon,Development of tametraline was soon stopped because of undesired stimulant effects observed in animals.,2,0,twenties,male,indian,en,,14,TRUE,FALSE,common_voice_en_21846409.mp3,Development of tama trillin was soon stopped because if undesired stimulant effects observed in animals.
Amazon,"More double-length legs were shown from seasons seven to ten, fourteen.",2,0,twenties,female,indian,en,,11,TRUE,FALSE,common_voice_en_22331768.mp3,More double length legs were shown from season 7 to 1014.
Amazon,The Chargers placed him on injured reserve after he had season-ending surgery.,2,0,twenties,male,indian,en,,12,TRUE,FALSE,common_voice_en_22321420.mp3,the charges pledged him on injured Fisher of he have seen some Indian surgeon.
Amazon,South Lincolnshire Enterprise Agency was based there.,2,0,twenties,male,indian,en,,7,TRUE,FALSE,common_voice_en_23606150.mp3,Out in the Sunshine Enterprise Agency was There.
Amazon,The boy felt ill and terribly alone.,3,0,twenties,male,indian,en,,7,TRUE,FALSE,common_voice_en_119023.mp3,the boy felt ill and terribly alone.
Amazon,He has a degree in law from the National Autonomous University of Mexico.,2,1,twenties,male,indian,en,,13,TRUE,FALSE,common_voice_en_19783246.mp3,He has a degree in law from the National Autonomous University of Mexico.
Amazon,Sid's girl-chasing persona was fully reinstated for subsequent films.,2,1,twenties,female,indian,en,,9,TRUE,FALSE,common_voice_en_22448885.mp3,Six girl chasing persona was fully reinstated for subsequent flames.
Amazon,"After many years of failed promises, investors began to feel disillusionment.",2,0,twenties,male,indian,en,,11,TRUE,FALSE,common_voice_en_18666216.mp3,"After many years of failed promises, investors began to feel disillusionment."
Amazon,Elena will be late.,2,0,twenties,male,indian,en,,4,TRUE,FALSE,common_voice_en_18075506.mp3,Elena will be late.
Amazon,At the time the Grand Mosque was being renovated by the Saudi Binladin Group.,2,0,thirties,male,indian,en,,14,TRUE,FALSE,common_voice_en_18675626.mp3,"at the time, the Grand Mosque was being renovated by the Saudi Binladin group."
Amazon,In many cases it can be seen via gonioscopy.,2,0,thirties,male,indian,en,,9,TRUE,FALSE,common_voice_en_22047623.mp3,In many cases it can be seen by a go near Skopje.
Amazon,Within each ascocarp are several asci.,2,0,twenties,male,indian,en,,6,TRUE,FALSE,common_voice_en_23524805.mp3,Within each ask about on several sky.
Amazon,Many financial institutions have regional offices located in downtown Greenville.,2,0,teens,male,indian,en,,10,TRUE,FALSE,common_voice_en_21767765.mp3,Many financial institutions have regional offices located in downtown Greenville.
Amazon,And a new contract goes with it.,3,0,thirties,male,indian,en,,7,TRUE,FALSE,common_voice_en_134510.mp3,And a new contract goes with it.
Amazon,The red flowers are attractive to hummingbirds and butterflies.,2,0,twenties,male,indian,en,,9,TRUE,FALSE,common_voice_en_19311641.mp3,The rare flags are attractive to hummingbirds and butterflies.
Amazon,"At the party, McPherson arrests Laura for the murder of Diane Redfern.",2,0,twenties,male,indian,en,,12,TRUE,FALSE,common_voice_en_23308838.mp3,And the party Mac person arrest Laura for the murder of Diane Redfern.
Amazon,These measurements are used to define gravity anomalies.,2,1,twenties,male,indian,en,,8,TRUE,FALSE,common_voice_en_22290484.mp3,these measurement I used to defining gravity and
Amazon,Its members get no payment for expenses incurred and time spent at emergencies.,2,0,twenties,male,indian,en,,13,TRUE,FALSE,common_voice_en_22793238.mp3,Its members get no payment for expenses incurred and time spent at emergencies.
Amazon,But still it was a huge step forward for education in Russia.,2,0,twenties,female,indian,en,,12,TRUE,FALSE,common_voice_en_22448776.mp3,But still it was a huge step forward for education in Russia.
Amazon,The Swiss nicknamed him The Rock.,2,0,twenties,male,indian,en,,6,TRUE,FALSE,common_voice_en_19312665.mp3,the Swiss nicknamed him Take Over.
Amazon,"Via the Saint Francis River, it is part of the Mississippi River watershed.",2,0,twenties,male,indian,en,,13,TRUE,FALSE,common_voice_en_20603296.mp3,Where the saint Francis River it is part of the Mississippi River watershed.
Amazon,Syntopy is a special case of sympatry.,2,0,twenties,male,indian,en,,7,TRUE,FALSE,common_voice_en_23663324.mp3,Syncope is a special case of sim patrick.
Amazon,"Please, be humble.",2,0,twenties,male,indian,en,,3,TRUE,FALSE,common_voice_en_17776526.mp3,Please be humbled!
Amazon,You can also buy single issues directly from Mslexia and on their website.,2,0,fifties,male,indian,en,,13,TRUE,FALSE,common_voice_en_19758351.mp3,You can also buy single issues directly from him lecture and on their website.
Amazon,The oldest settlements in Fairfax County were along the Potomac River.,2,0,twenties,male,indian,en,,11,TRUE,FALSE,common_voice_en_22127487.mp3,"the oldest settlements, Interfax can do er along the Potomac River."
Amazon,Tennant was also in charge of the Marlboro account and invented the Marlboro Man.,2,0,twenties,male,indian,en,,14,TRUE,FALSE,common_voice_en_22312750.mp3,and course also in charge of that account.
Amazon,"However, by turbo engines were becoming faster, more reliable and easier to drive.",10,2,twenties,male,indian,en,,13,TRUE,FALSE,common_voice_en_20283909.mp3,"however, by turbo engines were becoming faster, more reliable and the issue to drive."
Amazon,Disabled accessible rooms are available.,2,0,twenties,male,indian,en,,5,TRUE,FALSE,common_voice_en_19137014.mp3,Disabled accessible rooms are available.
Amazon,"A price was put on his head, but he managed to escape to England.",2,0,twenties,male,indian,en,,14,TRUE,FALSE,common_voice_en_22319567.mp3,"a price was put on his head, but he managed to escape to Anglo."
Amazon,Samantha Cameron's family own the large Yorkshire estate called Sutton Park.,2,1,twenties,male,indian,en,,11,TRUE,FALSE,common_voice_en_19700136.mp3,Samantha Cameron's family on the large Yorkshire State College certain park.
Amazon,It is known for its large shipyard.,2,0,twenties,female,indian,en,,7,TRUE,FALSE,common_voice_en_18733169.mp3,It is known for its large shipyard.
Amazon,He was respected and admired as a model teacher-scholar.,2,1,twenties,female,indian,en,,9,TRUE,FALSE,common_voice_en_18723876.mp3,he was respected and admired as model teacher scholar.
Amazon,"The non-residential buildings are a kindergarten, Community Hall and Fire Station.",2,0,thirties,male,indian,en,,11,TRUE,FALSE,common_voice_en_21426041.mp3,the non residential buildings are a kindergarten community hall and fire station.
Amazon,He also had a long tenure as the frontman of hard rock band Talisman.,2,0,twenties,female,indian,en,,14,TRUE,FALSE,common_voice_en_22406118.mp3,He also had a long tenure as the frontman of hard rock band Talisman.
Amazon,The team was mostly derided or ignored by the New York City media.,2,0,twenties,male,indian,en,,13,TRUE,FALSE,common_voice_en_22773396.mp3,The team was mostly derided or ignored by the new york city media.
Amazon,He won many awards during his career.,2,0,twenties,male,indian,en,,7,TRUE,FALSE,common_voice_en_22319736.mp3,He won many of us during his career Yeah.
Amazon,It was once the subject of rivalry between Victorian gardeners in England.,2,1,twenties,male,indian,en,,12,TRUE,FALSE,common_voice_en_22277943.mp3,Was the subject of regularly between victoria goodness in England Yeah.
Amazon,Activists claim the pipeline through the Baltic Sea is leaking.,2,1,twenties,male,indian,en,,10,TRUE,FALSE,common_voice_en_176390.mp3,Activists claim the pipeline through the Baltic sea is leaking.
Amazon,The first European settler in Potton township was Nicholas Austin.,2,0,thirties,male,indian,en,,10,TRUE,FALSE,common_voice_en_22095311.mp3,the first your ocean sectarian for Can township was Nicholas hosted.
Amazon,The plan was cancelled due to a popular resistance headed by Count Louis Sparre.,2,0,thirties,male,indian,en,,14,TRUE,FALSE,common_voice_en_22961313.mp3,The plan was canceled due to a popular resistance headed by count luis par.
Amazon,He comes from an aristocratic family from the region of Piedmont in Italy.,2,0,twenties,female,indian,en,,13,TRUE,FALSE,common_voice_en_22533180.mp3,He comes from an aristocratic family from the region of Piedmont in Italy.
Amazon,"""The Methodist Publishing House"".",2,1,twenties,female,indian,en,,4,TRUE,FALSE,common_voice_en_21934583.mp3,The Methodist Publishing House.
Amazon,But I believe she’ll turn out all right yet.,2,0,twenties,female,indian,en,,9,TRUE,FALSE,common_voice_en_21678465.mp3,but I believe she will turn out all right yet.
Amazon,The division covers the vast northern outback of South Australia.,2,0,twenties,male,indian,en,,10,TRUE,FALSE,common_voice_en_23596240.mp3,The division so with one northern of of South Australia.
Amazon,"However I am dressed, I shall still be Sancho Panza.",2,0,fifties,male,indian,en,,10,TRUE,FALSE,common_voice_en_17416348.mp3,"However, I'm dressed, I shall still be Sancho panza."
Amazon,The owner of the dwelling was not amused.,3,0,thirties,female,indian,en,,8,TRUE,FALSE,common_voice_en_215392.mp3,The owner of the dwelling was not amused.
Amazon,You could go for a brisk walk up Constitution Hill or something.,2,0,twenties,female,malaysia,en,,12,TRUE,FALSE,common_voice_en_18485218.mp3,"you could go for a brisk war, Constitution Hill or something."
Amazon,The Chickasaw National Recreation Area preserves partially forested hills of south-central Oklahoma near Sulphur.,2,0,twenties,female,malaysia,en,,14,TRUE,FALSE,common_voice_en_19642057.mp3,The Chicago National Recreation Area preserves especially forested hills of south central Oklahoma Nya Sulfa.
Amazon,The unincorporated community of Cherry is located within Cherry Township.,2,0,teens,male,malaysia,en,,10,TRUE,FALSE,common_voice_en_18701654.mp3,The unincorporated community of Cherry is located within Cherry Township.
Amazon,May I sit down?,2,1,twenties,male,malaysia,en,,4,TRUE,FALSE,common_voice_en_1137939.mp3,May I sit Down?
Amazon,"The dorsum is brown, with a yellow streak on each side of the neck.",2,0,twenties,male,malaysia,en,,14,TRUE,FALSE,common_voice_en_20288302.mp3,The dozo Miss Brown with a yellow streak on each side of the neck.
Amazon,The name Monona is of American Indian origin.,2,0,twenties,female,malaysia,en,,8,TRUE,FALSE,common_voice_en_18684032.mp3,The name mona is of american indian origin.
Amazon,Fabian does not like pepper.,2,0,fourties,male,malaysia,en,,5,TRUE,FALSE,common_voice_en_17896795.mp3,Fabian does not like Pepe.
Amazon,What was she to do?,2,0,twenties,female,malaysia,en,,5,TRUE,FALSE,common_voice_en_17361490.mp3,What was she to do? Mhm.
Amazon,Can you tell me where it hurts?,2,0,twenties,male,malaysia,en,,7,TRUE,FALSE,common_voice_en_17285946.mp3,Can you tell me where it hurts?
Amazon,Lettermore island is in two halves.,2,0,twenties,male,malaysia,en,,6,TRUE,FALSE,common_voice_en_19046651.mp3,Little More Island is in to house.
Amazon,Thirty-two Turkish tourists took a trip to a turkey farm.,2,0,twenties,female,malaysia,en,,10,TRUE,FALSE,common_voice_en_18447265.mp3,32 Turkish where it took a trip to a Turkey fund.
Amazon,He briefly considered relocating to Montevideo or Buenos Aires.,2,1,thirties,male,malaysia,en,,9,TRUE,FALSE,common_voice_en_20531406.mp3,He briefly considered relocating to Montevideo are china's iris.
Amazon,Their music combined funk rhythms and dissonant guitar riffs.,3,0,twenties,male,malaysia,en,,9,TRUE,FALSE,common_voice_en_19680033.mp3,"Yeah, music, combined funk rhythms and dissonant guitar riffs."
Amazon,She is one of the most awarded artist in history.,2,0,thirties,female,malaysia,en,,10,TRUE,FALSE,common_voice_en_20309132.mp3,She is one of the most awarded artists in history mhm.
Amazon,"My hobby is genealogy, or family history.",2,0,twenties,female,malaysia,en,,7,TRUE,FALSE,common_voice_en_18485233.mp3,My hobby is genealogy or family history.
Amazon,"I think it came in a long, red box.",2,0,twenties,male,malaysia,en,,9,TRUE,FALSE,common_voice_en_17291462.mp3,I think it came in a long red box.
Amazon,As if I would talk on such a subject!,2,0,twenties,female,malaysia,en,,9,TRUE,FALSE,common_voice_en_18447373.mp3,as if I would talk on such a subject. What?
Amazon,Once again the songwriter in her felt the need to produce and sing.,2,0,thirties,female,malaysia,en,,13,TRUE,FALSE,common_voice_en_20309243.mp3,"Once again, the songwriter in her felt the need to produce anything."
Amazon,He tried to persuade her with a rather artificial argument,2,0,twenties,female,malaysia,en,,10,TRUE,FALSE,common_voice_en_18447273.mp3,He tried to persuade her with a rather artificial argument.
Amazon,"Hey look, a flying pig!",2,0,twenties,male,malaysia,en,,5,TRUE,FALSE,common_voice_en_17252814.mp3,"Hey, look! A flying pig!"
Amazon,Jack was drafted to do his duty in Korea for ten months.,2,0,twenties,female,malaysia,en,,12,TRUE,FALSE,common_voice_en_18684031.mp3,Jack was drafted to do his duty and career for 10 months.
Amazon,No wonder this vanilla yogurt tastes disgusting: Its eat-by date was last year.,2,0,twenties,female,malaysia,en,,13,TRUE,FALSE,common_voice_en_17361492.mp3,"No one did is fun, you know your that's disgusting is it by the bus last year?"
Amazon,Delete this file.,2,0,fifties,male,malaysia,en,,3,TRUE,FALSE,common_voice_en_17885588.mp3,Did it This File?
Amazon,Girard is served by the Jayton-Girard Independent School District.,2,0,fifties,male,malaysia,en,,9,TRUE,FALSE,common_voice_en_23149627.mp3,Gerard is served by the Jetton g Rod Independence called District.
Amazon,I'm going with Clara to buy some pillows and bolsters.,2,0,fourties,male,malaysia,en,,10,TRUE,FALSE,common_voice_en_17896793.mp3,I'm going to Clara to buy some pillows and bolsters.
Amazon,The band released two demos under this name.,2,0,twenties,male,malaysia,en,,8,TRUE,FALSE,common_voice_en_19792425.mp3,The band released two demos under this name.
Amazon,"For example, in his first album, Freak Out!",2,1,twenties,male,malaysia,en,,8,TRUE,FALSE,common_voice_en_19680032.mp3,"For example, in his first album Freak Out."
Amazon,I passed away and left them to it.,2,0,twenties,female,malaysia,en,,8,TRUE,FALSE,common_voice_en_18485263.mp3,He passed away and lived into it.
Amazon,"Nice, genial, jolly.",2,0,twenties,male,malaysia,en,,3,TRUE,FALSE,common_voice_en_17252813.mp3,"Nice, genial, jolly."
Amazon,The mines had been ran by the city council.,2,0,fourties,male,malaysia,en,,9,TRUE,FALSE,common_voice_en_17896085.mp3,The mines have been ran by the City Council.
Amazon,The boy shook his head.,2,0,thirties,female,malaysia,en,,5,TRUE,FALSE,common_voice_en_1466772.mp3,The boy shot his head.
Amazon,The cannibal was looking for another victim to appease his appetite.,2,1,fifties,male,malaysia,en,,11,TRUE,FALSE,common_voice_en_17885610.mp3,The Carnival was looking for another victim to pace his appetite.
Amazon,"When the carpet and the curtains caught fire, it was getting warm.",2,0,twenties,female,malaysia,en,,12,TRUE,FALSE,common_voice_en_184404.mp3,"When the carpet and the curtains caught fire, it was getting warm."
Amazon,"One man's loss, is another man's gain.",2,0,twenties,male,malaysia,en,,7,TRUE,FALSE,common_voice_en_17252868.mp3,One man's loss is another man's game.
Amazon,Spring Prairie was originally called Franklin.,2,0,twenties,male,malaysia,en,,6,TRUE,FALSE,common_voice_en_19802543.mp3,Spring Prayer was originally carl franklin.
Amazon,Longtime white residents also tried to force the poor black residents out of town.,2,0,twenties,male,malaysia,en,,14,TRUE,FALSE,common_voice_en_19120808.mp3,Longtime white residents also try to force the poor residents off of town.
Amazon,The rings are plucked in a downward motion to produce tinkling sounds.,2,0,fourties,male,malaysia,en,,12,TRUE,FALSE,common_voice_en_21883549.mp3,The rings are plucked in a downward motion to produce tinkling sounds.
Amazon,Many different classes of statistical tests have been considered in the literature.,2,0,fourties,male,malaysia,en,,12,TRUE,FALSE,common_voice_en_17896118.mp3,many different classes of statistical tests have been considered in the literature.
Amazon,Florida had provided refuge for both planters and slaves during the American Revolution.,2,1,twenties,male,malaysia,en,,13,TRUE,FALSE,common_voice_en_22975073.mp3,florida had provided refuge for both planters and slaves during the american Revolution.
Amazon,"Before becoming a playwright, Acito was a novelist and journalist.",2,1,fifties,male,malaysia,en,,10,TRUE,FALSE,common_voice_en_23149708.mp3,"Before becoming a playwright, a Cheeto was a novelist and journalist."
Amazon,He was not able to find the words for his feelings.,2,0,twenties,male,malaysia,en,,11,TRUE,FALSE,common_voice_en_18224206.mp3,he was not about to find out what's for experience.
Amazon,We need grain to keep our mules healthy.,2,1,twenties,male,malaysia,en,,8,TRUE,FALSE,common_voice_en_1639339.mp3,We need grain to keep our meals healthy.
Amazon,I wish to see her.,2,0,twenties,male,malaysia,en,,5,TRUE,FALSE,common_voice_en_1639347.mp3,I wish to see her.
Amazon,The name given in Spain and Portugal.,2,0,fourties,male,malaysia,en,,7,TRUE,FALSE,common_voice_en_17896120.mp3,the name given in Spain and Portugal.
Amazon,Russell's initial tests measured un-notched samples.,2,0,fourties,male,malaysia,en,,6,TRUE,FALSE,common_voice_en_19439173.mp3,Russell's initial tests measured a notched samples.
Amazon,"I want my garden to be filled with roses, petunias and passion flowers.",2,1,twenties,female,malaysia,en,,13,TRUE,FALSE,common_voice_en_17361474.mp3,I want my garden to be filled roses 10 years and patient flowers.
Amazon,Mosconi had two older sisters and two younger brothers.,2,0,fourties,male,malaysia,en,,9,TRUE,FALSE,common_voice_en_18979675.mp3,Mass Connie had two older sisters and two younger brothers.
Amazon,The company is mostly known through its Sherwin-Williams Paints line.,2,0,fourties,female,malaysia,en,,10,TRUE,FALSE,common_voice_en_22273794.mp3,The company is mostly known through its Sherwin Williams paints line.
Amazon,I'll catch a bus.,2,0,fifties,male,malaysia,en,,4,TRUE,FALSE,common_voice_en_17885592.mp3,I'll catch a bus.
Amazon,This is the first use of a talk box by Pink Floyd.,2,1,twenties,male,malaysia,en,,12,TRUE,FALSE,common_voice_en_19680031.mp3,This is the first use of the top box by being Floyd.
Amazon,Many challenges involve falling into water or mud on failure.,2,0,fifties,male,malaysia,en,,10,TRUE,FALSE,common_voice_en_22967246.mp3,Many challenge involved falling into water or mud on failure.
Amazon,"A male will use ""soft squeak calls and tail-lashing"" to signal the female.",2,0,twenties,male,malaysia,en,,13,TRUE,FALSE,common_voice_en_19792444.mp3,"A male will use soft, sweet calls and tail lashing to signal the female."
Amazon,"The increasingly urbanized ""Kathmandu"" and ""Pokhara"" valleys fall within the Hill region.",2,0,fourties,female,malaysia,en,,12,TRUE,FALSE,common_voice_en_22273860.mp3,The increasingly urbanized Kathmandu and Pokhara valleys for within the hill region.
Amazon,The cistern was malfunctioning.,2,0,twenties,female,malaysia,en,,4,TRUE,FALSE,common_voice_en_1280839.mp3,The system was malfunctioning.
Amazon,"After World War One, the yeshivah moved from Slutsk to Kletsk in Belarus.",2,1,twenties,male,malaysia,en,,13,TRUE,FALSE,common_voice_en_19680110.mp3,"After World War one, the yeshiva moved from Slupsk to kiss in Belarus."
Amazon,Because the crystal was dirty.,3,0,teens,male,malaysia,en,,5,TRUE,FALSE,common_voice_en_138713.mp3,Because the crystal was dirty.
Amazon,Being with him alone made her feel uncomfortable.,2,0,twenties,female,malaysia,en,,8,TRUE,FALSE,common_voice_en_184406.mp3,Being with him alone made her feel uncomfortable.
Amazon,Day's version was also issued as a single.,2,0,thirties,male,malaysia,en,,8,TRUE,FALSE,common_voice_en_20531448.mp3,This version was issued as a single.
Amazon,"It shouldn't be displayed on any book pages, or should it?",2,0,twenties,female,malaysia,en,,11,TRUE,FALSE,common_voice_en_17361469.mp3,It shouldn't be displayed on any pages or should it?
Amazon,The store walls were lined with colored frocks.,2,0,fourties,male,malaysia,en,,8,TRUE,FALSE,common_voice_en_17897880.mp3,The star walls were lined with colored frocks.
Amazon,Pietradefusi hosts is a Cinema Festival in September.,2,1,thirties,male,malaysia,en,,8,TRUE,FALSE,common_voice_en_20531417.mp3,P attractive fuc host is a cinema festival in september.
Amazon,I think I might have gotten a bit bored on that project.,2,0,twenties,female,malaysia,en,,12,TRUE,FALSE,common_voice_en_18447286.mp3,I think I might have gotten a bit born on that project.
Amazon,Medulin's economy is based on tourism.,2,0,twenties,female,malaysia,en,,6,TRUE,FALSE,common_voice_en_20397778.mp3,Yeah Netherlands economy is based on tourism.
Amazon,"Thus, kings can be removed immediately to the Foundation.",2,0,twenties,male,malaysia,en,,9,TRUE,FALSE,common_voice_en_19680112.mp3,"thus, kings can be removed immediately to the foundation."
Amazon,Shirt numbers became quickly associated with a certain position.,2,0,fourties,male,malaysia,en,,9,TRUE,FALSE,common_voice_en_19726691.mp3,shared numbers became quickly associated with a certain position. Yeah.
Amazon,Where did they come from?,2,1,thirties,female,malaysia,en,,5,TRUE,FALSE,common_voice_en_1466786.mp3,Where Did He Come from?
Amazon,He resigned from office when questions arose about his residency in Shreveport.,2,1,fourties,male,malaysia,en,,12,TRUE,FALSE,common_voice_en_18979671.mp3,He resigned from office when questions arose about his residency at Shreveport.
Amazon,Mighty oaks from tiny acorns grow.,2,0,fourties,male,malaysia,en,,6,TRUE,FALSE,common_voice_en_17928073.mp3,Mighty oaks from tiny acorns grew.
Amazon,I had no idea.,2,0,fourties,male,malaysia,en,,4,TRUE,FALSE,common_voice_en_17896076.mp3,I had no idea.
Amazon,"However, his interests are broader.",2,0,twenties,female,malaysia,en,,5,TRUE,FALSE,common_voice_en_18684071.mp3,"however, his interests are broader."
Amazon,These quick little joys of hers were sources of joy to him.,2,1,twenties,male,malaysia,en,,12,TRUE,FALSE,common_voice_en_18330156.mp3,"This quickly, the joys of hers was sources of joy Janine."
Amazon,However Charlotte was mainly very happy in her marriage.,2,0,twenties,male,malaysia,en,,9,TRUE,FALSE,common_voice_en_19802546.mp3,"However, charlotte was mainly very happy in her marriage Yeah."
Amazon,I was shocked.,2,1,twenties,female,malaysia,en,,3,TRUE,FALSE,common_voice_en_18447275.mp3,I was shocked.
Amazon,Link and Tetra rise to the surface as the King and Hyrule are submerged.,2,0,twenties,male,malaysia,en,,14,TRUE,FALSE,common_voice_en_19792442.mp3,Link and Tetra rise to the surface as king and he ruled has emerged.
Amazon,"Well, spit it out!",2,0,twenties,female,malaysia,en,,4,TRUE,FALSE,common_voice_en_18485188.mp3,Well there.
Amazon,The big red apple fell to the ground.,2,0,fifties,male,malaysia,en,,8,TRUE,FALSE,common_voice_en_17885614.mp3,The big Red Apple fell to the ground.
Amazon,You say the race is not always to the swift.,2,0,twenties,female,malaysia,en,,10,TRUE,FALSE,common_voice_en_18485216.mp3,You say the rest is not always to the swift.
Amazon,Asakusa Shrine is part of a larger grouping of sacred buildings in the area.,2,0,thirties,female,philippines,en,,14,TRUE,FALSE,common_voice_en_19684294.mp3,"As a close, a shrine is part of larger grouping of sacred buildings in the area."
Amazon,Many took to higher ground in current-day Downtown.,2,0,twenties,male,philippines,en,,8,TRUE,FALSE,common_voice_en_21216673.mp3,Many took to higher ground encouraged the downtown.
Amazon,He enabled us to finish second last season when nobody expected us to.,2,0,twenties,other,philippines,en,,13,TRUE,FALSE,common_voice_en_22007286.mp3,He enabled us to finish second last season when nobody expected us to.
Amazon,The Canal Branch administered Canada's canal system and undertook new construction as required.,2,0,teens,male,philippines,en,,13,TRUE,FALSE,common_voice_en_22322083.mp3,The Canada Branch administered Canada's canal system and undertook new construction as required.
Amazon,"Some cultivars, such as 'Bradford', are particularly susceptible to storm damage.",2,1,teens,male,philippines,en,,11,TRUE,FALSE,common_voice_en_18841316.mp3,"Some cultivars, such as Bradford, are particularly suspect able to storm damage."
Amazon,Wildlife found in the park includes a wide variety of mammals.,2,0,fifties,male,philippines,en,,11,TRUE,FALSE,common_voice_en_22165923.mp3,wildlife found in the park includes a wide variety of mammals. Oh!
Amazon,Between vowels short consonants were lenited.,2,0,twenties,other,philippines,en,,6,TRUE,FALSE,common_voice_en_21949199.mp3,"Between vowels, short continents were limited."
Amazon,"These effects are gradual, developing over several days.",2,0,twenties,male,philippines,en,,8,TRUE,FALSE,common_voice_en_19843831.mp3,These effects are gradual developing over several days.
Amazon,What else am I to do?,2,0,thirties,male,philippines,en,,6,TRUE,FALSE,common_voice_en_17776209.mp3,What else am I to do?
Amazon,The direction opposite of the nadir is the zenith.,2,0,teens,male,philippines,en,,9,TRUE,FALSE,common_voice_en_22264629.mp3,the direction opposite of the another is the Senate.
Amazon,Kidd particularly credits Chesley Bonestell and Norman Rockwell as his most formative influences.,2,0,twenties,male,philippines,en,,13,TRUE,FALSE,common_voice_en_21216716.mp3,"Kid particularly credits Chesley, but instead a norman Hartwell as his most formative influences."
Amazon,The tree trunks symbolise the importance of forestry and the sawmills in the municipality.,2,0,fourties,male,philippines,en,,14,TRUE,FALSE,common_voice_en_23427516.mp3,The tree trunks symbolize the importance of forestry and the sawmills in the municipality.
Amazon,"Another device used in tacheometry is the ""subtense bar"".",2,0,twenties,other,philippines,en,,9,TRUE,FALSE,common_voice_en_23657539.mp3,Another device used in tacky geometry is the substance far.
Amazon,This concludes Christ's message.,2,1,teens,male,philippines,en,,4,TRUE,FALSE,common_voice_en_18851751.mp3,This concludes chris messages.
Amazon,You were going to go out and conquer the world!,2,0,twenties,female,philippines,en,,10,TRUE,FALSE,common_voice_en_15649.mp3,You were going to go out and conquer the world.
Amazon,The only point at issue was the precise line of the borders.,2,0,twenties,male,philippines,en,,12,TRUE,FALSE,common_voice_en_19843805.mp3,The only point at issue was the precise line of the borders.
Amazon,"Its motto is ""Amore Sitis Uniti"", Latin for ""Be United in Love"".",2,0,twenties,male,philippines,en,,12,TRUE,FALSE,common_voice_en_19727706.mp3,Its motto is a moral cities unity latin for be united in love.
Amazon,Thomas was left paralyzed from the chest down.,2,0,twenties,female,philippines,en,,8,TRUE,FALSE,common_voice_en_18922223.mp3,thomas was left paralyzed from the chest down.
Amazon,It is directed by Rajesh Touchriver.,2,1,thirties,male,philippines,en,,6,TRUE,FALSE,common_voice_en_18674046.mp3,It is directed by Rajesh Touch River.
Amazon,Many air arms however continued to operate target tugs on their own behalf.,2,0,twenties,female,philippines,en,,13,TRUE,FALSE,common_voice_en_18922200.mp3,"Mhm Many air arms, however, continue to operate target thugs on their own behalf."
Amazon,Gestir are signed to Tutl Records in the Faroe Islands.,2,0,twenties,male,philippines,en,,10,TRUE,FALSE,common_voice_en_20114573.mp3,Yes Dear are assigned to total records in the Faroe Islands.
Amazon,I'm just sitting around watching a video at the moment.,2,0,fourties,male,philippines,en,,10,TRUE,FALSE,common_voice_en_17281027.mp3,I'm just sitting around watching a video at the moment.
Amazon,"De Mortimer's tenant was another Norman, Ralph Bluet.",2,1,teens,male,philippines,en,,8,TRUE,FALSE,common_voice_en_22264766.mp3,"The martin mars tenant was another narrow man, ralph Blewitt."
Amazon,Ribbonfish possess all the characteristics of fish living at very great depths.,2,1,teens,male,philippines,en,,12,TRUE,FALSE,common_voice_en_18841484.mp3,Ribbon fish possesses all the characteristics of fish living at very great depths.
Amazon,"In Europe, Poma and Leitner operate as separate ventures.",2,1,teens,male,philippines,en,,9,TRUE,FALSE,common_voice_en_18841425.mp3,"In europe, coma and Leitner operate as separate adventures."
Amazon,The Waits River flows through the village.,2,0,teens,male,philippines,en,,7,TRUE,FALSE,common_voice_en_22264596.mp3,The waits River flows through the village.
Amazon,Both accidents caused the session to be suspended.,2,1,teens,male,philippines,en,,8,TRUE,FALSE,common_voice_en_18714897.mp3,both accidents cost the session to be suspended.
Amazon,Coahuila contains two biosphere reserves.,2,0,twenties,male,philippines,en,,5,TRUE,FALSE,common_voice_en_21216957.mp3,Kuala Wila contains two by a spring reserves.
Amazon,The work was championed in Europe and London by Robert Hausmann.,2,0,fourties,male,philippines,en,,11,TRUE,FALSE,common_voice_en_19984993.mp3,the work was championed in Europe and London by Robert Horseman.
Amazon,"Oh, you are, eh?",2,0,fourties,male,philippines,en,,4,TRUE,FALSE,common_voice_en_17280983.mp3,Oh you are a.
Amazon,The crater has not been significantly eroded by subsequent impacts.,2,0,teens,male,philippines,en,,10,TRUE,FALSE,common_voice_en_22322198.mp3,Mhm The creator has not been significantly eroded by subsequent inbox.
Amazon,He studied piano as a child and participated in his high school chorus.,2,0,twenties,other,philippines,en,,13,TRUE,FALSE,common_voice_en_21949730.mp3,He said he piano as a child and participated in his high school chorus.
Amazon,"It just reminded me, you can't ever be lazy about it.",2,1,twenties,male,philippines,en,,11,TRUE,FALSE,common_voice_en_19055626.mp3,It just reminded me get ever blazy about it.
Amazon,Property list files are often used to store a user's settings.,2,0,twenties,male,philippines,en,,11,TRUE,FALSE,common_voice_en_19848094.mp3,Property list files are often used to store a user settings.
Amazon,"After the season, he lost his spot on the roster to Leonard Henry.",2,0,twenties,male,philippines,en,,13,TRUE,FALSE,common_voice_en_19843788.mp3,After the season he lost his spot on the roster to Leonardo Henry.
Amazon,Just as I thought!,2,1,twenties,female,philippines,en,,4,TRUE,FALSE,common_voice_en_17453377.mp3,Just as I thought.
Amazon,His poetry was beautiful stuff.,2,0,twenties,male,philippines,en,,5,TRUE,FALSE,common_voice_en_21012284.mp3,His poetry was beautiful stump.
Amazon,The last Commissioner for Railways was Neil McCusker.,2,0,twenties,female,philippines,en,,8,TRUE,FALSE,common_voice_en_23392766.mp3,The last Commissioner for Railways was Neil McCusker.
Amazon,What is she to do?,2,0,thirties,male,philippines,en,,5,TRUE,FALSE,common_voice_en_17776135.mp3,What is she to do?
Amazon,A few huge Bowies up to long were created for exhibition.,2,0,thirties,male,philippines,en,,11,TRUE,FALSE,common_voice_en_18673988.mp3,A few huge Bowie's up to long were created for exhibition.
Amazon,The newer church was built by Richard Neville.,2,0,twenties,female,philippines,en,,8,TRUE,FALSE,common_voice_en_18922220.mp3,The new Rich church was built by Richard neville.
Amazon,"The couple have two children, Peter and William.",2,0,teens,male,philippines,en,,8,TRUE,FALSE,common_voice_en_18714867.mp3,"The couple have two Children, Peter and William."
Amazon,Maybe these desert birds could explain to him the meaning of love without ownership.,2,0,thirties,male,philippines,en,,14,TRUE,FALSE,common_voice_en_181389.mp3,Maybe these desert birds can explain to him the meaning of love without ownership.
Amazon,Play music by larry mullen jr.,4,0,twenties,female,philippines,en,,6,TRUE,FALSE,common_voice_en_15657.mp3,Play Music by Larry mullen jr.
Amazon,His father had been an amateur boxer and made all of his sons box.,2,0,fourties,male,philippines,en,,14,TRUE,FALSE,common_voice_en_19984998.mp3,His father had been an amateur boxer and made all of his son's box.
Amazon,"At an early age, William was interested in earthworks and mechanics.",2,0,teens,male,philippines,en,,11,TRUE,FALSE,common_voice_en_18714875.mp3,"At an early age, William was interested in earthworks and mechanics."
Amazon,Their uniforms have become their trademark.,2,0,twenties,male,philippines,en,,6,TRUE,FALSE,common_voice_en_20040064.mp3,Their uniforms have become their trademark.
Amazon,How old are you?,2,0,thirties,male,philippines,en,,4,TRUE,FALSE,common_voice_en_17147879.mp3,How old are You?
Amazon,"There is a wedding chapel in the rear, and gardens nearby.",2,0,twenties,male,philippines,en,,11,TRUE,FALSE,common_voice_en_20040393.mp3,there's a wedding chapel in the rear and gardens nearby.
Amazon,"As I watched, the planet seemed to grow larger and smaller.",2,0,twenties,female,philippines,en,,11,TRUE,FALSE,common_voice_en_123995.mp3,as they watch their planet seemed a girl larger and smaller.
Amazon,"It's true; life really is generous to those who pursue their destiny, the boy thought.",2,1,twenties,male,philippines,en,,15,TRUE,FALSE,common_voice_en_116219.mp3,It's true life really is generous to those who pursue their investing the boys on.
Amazon,"In a polar coordinate system, the origin may also be called the pole.",2,0,twenties,male,philippines,en,,13,TRUE,FALSE,common_voice_en_19966712.mp3,"In a polar coordinate system, the origin may also be called the pole."
Amazon,"Located on the border with Russia, it is major land port of entry.",2,0,twenties,male,philippines,en,,13,TRUE,FALSE,common_voice_en_21106611.mp3,"Located on the border with Russia, it is major land port of entry."
Amazon,"He kept driving at full speed, totally unfazed by the flap, flap, flap of the burst tyre.",2,0,thirties,male,philippines,en,,17,TRUE,FALSE,common_voice_en_17528595.mp3,"He kept driving at full speed, totally unfazed by the flap flap flap of the first tire."
Amazon,Articles of incorporation were filed and the name Pittsburgh Filmmakers was adopted.,2,0,twenties,male,philippines,en,,12,TRUE,FALSE,common_voice_en_21015742.mp3,Articles of incorporation were filed in the name Pittsburgh filmmakers who was adopted.
Amazon,"Marc, would you please give me the fly swatter?",2,1,twenties,female,philippines,en,,9,TRUE,FALSE,common_voice_en_17453358.mp3,Mark would you please give me the flies water?
Amazon,A carpet sweeper typically consists of a small box.,2,0,teens,male,philippines,en,,9,TRUE,FALSE,common_voice_en_22264884.mp3,A carpet sweeper typically consists of a small box.
Amazon,He was considered a pioneer mover of Maranao literature.,2,0,twenties,male,philippines,en,,9,TRUE,FALSE,common_voice_en_21013883.mp3,He was considered a pioneer mover of marine or literature.
Amazon,Faster synchronous modes are used more frequently.,2,1,twenties,male,philippines,en,,7,TRUE,FALSE,common_voice_en_21012343.mp3,Faster synchronous moods are use more frequent.
Amazon,The cost of these works was met by heavy taxation that caused much suffering.,2,0,twenties,male,philippines,en,,14,TRUE,FALSE,common_voice_en_21250875.mp3,the cost of these works was met by heavy taxation that caused much suffering.
Amazon,The historical heritage of this province is rich and varied.,2,0,thirties,female,philippines,en,,10,TRUE,FALSE,common_voice_en_19684144.mp3,The historical heritage of this province is rich and varied.
Amazon,I'm here for the placement interview.,2,0,twenties,male,philippines,en,,6,TRUE,FALSE,common_voice_en_18607244.mp3,I'm here for the placement interview.
Amazon,"In Ecuador, a variant known as yahuarlocro is popular.",2,0,twenties,other,philippines,en,,9,TRUE,FALSE,common_voice_en_21949200.mp3,"In Ecuador, a very known as Yawar loco is popular."
Amazon,All is not gold that glitters.,2,0,thirties,male,philippines,en,,6,TRUE,FALSE,common_voice_en_17147890.mp3,All is not gold that glitters.
Amazon,They also produce a selection of outdoor specific accessories and footwear.,2,0,twenties,male,philippines,en,,11,TRUE,FALSE,common_voice_en_19055596.mp3,They also produced a selection of out their specific accessories and footwear.
Amazon,"The work may be reconstructed from later chronographists of the Byzantine, especially George Syncellus.",2,0,teens,male,philippines,en,,14,TRUE,FALSE,common_voice_en_22224013.mp3,"The work may be reconstructed from later chronograph ease of the Byzantine, especially George since telus."
Amazon,May I borrow your bolster?,2,0,twenties,male,philippines,en,,5,TRUE,FALSE,common_voice_en_17404287.mp3,May borrow your bolster.
Amazon,Why is the question of priority important?,2,0,twenties,male,philippines,en,,7,TRUE,FALSE,common_voice_en_19843808.mp3,Why is the question of priority important?
Amazon,A Scottish tour is being set for the end of April.,2,0,seventies,male,philippines,en,,11,TRUE,FALSE,common_voice_en_18829181.mp3,a Scottish tour is being set for the end of April.
Amazon,He decided to stay right there and await his return.,2,1,twenties,male,philippines,en,,10,TRUE,FALSE,common_voice_en_131673.mp3,he decided to stay right there and the way it is returned.
Amazon,Paul Burgess and Flos Headford were founder-members of the Mellstock Band.,2,0,thirties,male,philippines,en,,11,TRUE,FALSE,common_voice_en_18674041.mp3,Paul burgess and floss head furred were founder members of the male stock band.
Amazon,They join the ulnar veins to form the brachial veins.,2,0,twenties,other,philippines,en,,10,TRUE,FALSE,common_voice_en_21949254.mp3,They joined all the veins that form the brachial veins.
Amazon,"It is located in the Upper Palatinate, roughly halfway between Regensburg and Bayreuth.",2,1,twenties,male,philippines,en,,13,TRUE,FALSE,common_voice_en_19848121.mp3,"It is located in the upper palatinate, roughly halfway between Regensburg and Beirut."
Amazon,Let's have a look at the standard deviation.,3,2,twenties,male,philippines,en,,8,TRUE,FALSE,common_voice_en_13479.mp3,Let somebody look at the standard deviation.
Amazon,They felt that the salesman had lied to them.,2,0,twenties,male,philippines,en,,9,TRUE,FALSE,common_voice_en_18012412.mp3,They felt that the salesman had lied to them.
Amazon,"They live in Sparta Township, New Jersey, on the eastern shore of Lake Mohawk.",2,0,teens,male,philippines,en,,14,TRUE,FALSE,common_voice_en_22248870.mp3,"They live in Sparta Township, new Jersey, on the eastern shore of Lake Mahal."
Amazon,Both imply a customer lifetime of four years.,2,0,twenties,male,philippines,en,,8,TRUE,FALSE,common_voice_en_19055627.mp3,Both imply a customer lifetime of four years.
Amazon,It is therefore difficult to state the exact classification.,2,0,twenties,male,philippines,en,,9,TRUE,FALSE,common_voice_en_21012410.mp3,It is therefore difficult to state the except specification.
Amazon,"If olivine is present, the rock may be classified as an olivine nephelinite.",2,0,twenties,male,philippines,en,,13,TRUE,FALSE,common_voice_en_23610646.mp3,"If Allah vine is present, the rock may be classified as an olive vine NFL a night."
Amazon,The second featured the Arthur Baker Dance Mix as the B-side.,3,0,twenties,male,philippines,en,,11,TRUE,FALSE,common_voice_en_21216734.mp3,The second feature the Arthur baker dance mix as the B side.
Amazon,"However, Joseph Smith insisted that his own younger brother, William, be selected instead.",2,0,twenties,male,philippines,en,,13,TRUE,FALSE,common_voice_en_19055612.mp3,"However, Joseph Smith insisted that his own younger brother, William be selected instead."
Amazon,"Without access to the grazing and timbering lands, many residents sought work outside Mora.",2,0,teens,male,philippines,en,,14,TRUE,FALSE,common_voice_en_18714927.mp3,"Without access to the grazing and timbering lands, many residents sought work outside more."
Amazon,"In the United Kingdom, generic drug pricing is controlled by the government's reimbursement rate.",2,0,twenties,male,philippines,en,,14,TRUE,FALSE,common_voice_en_20057197.mp3,"in the United Kingdom, generic drug pricing is controlled by the government's reimbursement faith."
Amazon,That's why I keep losing.,3,0,twenties,female,philippines,en,,5,TRUE,FALSE,common_voice_en_15708.mp3,That's why I keep losing.
Amazon,"Like Sammy, he also observes the girls in the store with interest.",2,0,teens,male,philippines,en,,12,TRUE,FALSE,common_voice_en_18841315.mp3,"Like Sammy, he also observes the girls in the star with interest."
Amazon,Do the roses compete in athletic events?,2,0,thirties,male,philippines,en,,7,TRUE,FALSE,common_voice_en_17147861.mp3,Do the Roses compete in the atlantic events? Mhm.
Amazon,"The name became associated with the district of Carrick, Scotland.",2,0,teens,male,philippines,en,,10,TRUE,FALSE,common_voice_en_18715033.mp3,The name became associated with the district of Carrick Scotland.
Amazon,The third domain contains the active site.,2,1,twenties,female,philippines,en,,7,TRUE,FALSE,common_voice_en_18730133.mp3,The 3rd domain contains the active side.
Amazon,"On windy days, they are further from shore.",2,1,teens,male,philippines,en,,8,TRUE,FALSE,common_voice_en_22322189.mp3,"On windy days, they are further from shore."
Amazon,"Due to the lack of a bug bounty program, Johanna decided to sell her exploit on the black market.",2,0,fourties,male,philippines,en,,19,TRUE,FALSE,common_voice_en_17281026.mp3,"Due to the lack of a bug bounty program, johanna decided to sell her exploits on the black market."
Amazon,"Jack, at the last second, rolls out, while she plummets to her death.",2,0,twenties,male,philippines,en,,13,TRUE,FALSE,common_voice_en_20040322.mp3,Jack at the last second rolls out while she plummets to her death.
Amazon,The rivers are said to flow only about once per century.,2,0,seventies,male,philippines,en,,11,TRUE,FALSE,common_voice_en_18829184.mp3,the rivers are said to flow only about once per century.
Amazon,It contains a variety of wildfowl and reedbeds.,2,0,teens,male,philippines,en,,8,TRUE,FALSE,common_voice_en_22265017.mp3,It contains a variety of wild fall and reed beds.
Amazon,"She looked skeptical when leaning against the wall, observing the celebrities.",2,0,thirties,male,philippines,en,,11,TRUE,FALSE,common_voice_en_17776178.mp3,"She looks skeptical when leaning against the wall, observing the celebrities."
Amazon,His many criminal skills are a valuable asset to the Black Bat.,2,0,twenties,male,philippines,en,,12,TRUE,FALSE,common_voice_en_20040066.mp3,As many criminal skills are a valuable asset to the Black bat.
Amazon,"I had been born with no organic, chemical predisposition toward alcohol.",2,0,teens,male,philippines,en,,11,TRUE,FALSE,common_voice_en_18336236.mp3,I have been born with no organic chemical predisposition towards alcohol.
Amazon,Do as you would be done by.,2,0,twenties,male,philippines,en,,7,TRUE,FALSE,common_voice_en_18012410.mp3,Do as you would be done by.
Amazon,All three siblings would eventually follow their father into acting careers.,2,0,twenties,other,philippines,en,,11,TRUE,FALSE,common_voice_en_21949143.mp3,All three siblings would eventually follow their father into acting careers.
Amazon,Sibiryakov contributed significantly to Siberia's economic development.,2,0,twenties,other,philippines,en,,7,TRUE,FALSE,common_voice_en_21949406.mp3,severe Yakov contributed significantly to Siberia's economic development.
Amazon,It is still available as a free download on some music sites.,2,0,twenties,female,philippines,en,,12,TRUE,FALSE,common_voice_en_23392791.mp3,Yeah it is still available as a free download and some music sites Yeah.
Amazon,They may also have a mask.,2,1,twenties,male,philippines,en,,6,TRUE,FALSE,common_voice_en_20114575.mp3,And they also have a mask.
Amazon,Such an injury requires surgical correction.,2,0,thirties,male,philippines,en,,6,TRUE,FALSE,common_voice_en_19739328.mp3,Such an injury requires surgical correction.
Amazon,Its county seat is Hugo.,2,0,teens,male,singapore,en,,5,TRUE,FALSE,common_voice_en_20858481.mp3,Its county seat is Hugo.
Amazon,"The storm destroyed almost all structures on Assateague Island, where development was just beginning.",2,0,twenties,male,singapore,en,,14,TRUE,FALSE,common_voice_en_18785368.mp3,"the storm destroyed almost all structures on Assateague Island, where development was just beginning."
Amazon,The parser makes it easier for the game's author to react on input.,2,0,teens,male,singapore,en,,13,TRUE,FALSE,common_voice_en_20860126.mp3,The pastor makes it easier for the games author to react on impulse.
Amazon,"These, along with the Sahtaneh and Muskwa Rivers constitute the major tributaries.",2,0,thirties,male,singapore,en,,12,TRUE,FALSE,common_voice_en_18792712.mp3,"These, along with the saturday and muscular rivers constitute the major tributaries."
Amazon,"His mother's name was ""Itália"", which means ""Italy"" in Portuguese.",2,1,twenties,male,singapore,en,,10,TRUE,FALSE,common_voice_en_18722176.mp3,"his mother's name was Italian, which means Italy in Portuguese."
Amazon,She composed an emotional song in her bedroom.,3,0,teens,male,singapore,en,,8,TRUE,FALSE,common_voice_en_114760.mp3,She composed an emotional song in her bedroom.
Amazon,He studied Medicine in the University of Lisbon.,2,0,twenties,male,singapore,en,,8,TRUE,FALSE,common_voice_en_18785271.mp3,He started medicine in the University of Lisbon.
Amazon,"Songwriting credit for ""No Woman, No Cry"" went to ""V. Ford"".",2,1,teens,male,singapore,en,,11,TRUE,FALSE,common_voice_en_21275229.mp3,Songwriting credit for No Woman No Cry went to v Ford.
Amazon,Blakelock's works were exhibited in the National Academy of Design.,2,0,teens,male,singapore,en,,10,TRUE,FALSE,common_voice_en_21117652.mp3,black locks worked for exhibited in the National Academy of Design.
Amazon,See Higher education in Hong Kong.,2,1,twenties,male,singapore,en,,6,TRUE,FALSE,common_voice_en_20674614.mp3,See higher education in Hong kong.
Amazon,The salt mines were of major economic importance and led to some disputes.,2,0,teens,male,singapore,en,,13,TRUE,FALSE,common_voice_en_20866796.mp3,the salt mines were media economy important and led to some disputes.
Amazon,Marianne Lamont Horinko was an Assistant Administrator at the time.,2,0,teens,male,singapore,en,,10,TRUE,FALSE,common_voice_en_20876372.mp3,Mary ann Lamar Marenco was an Assistant administrator at the time.
Amazon,She becomes pregnant and bears him a daughter.,2,0,teens,male,singapore,en,,8,TRUE,FALSE,common_voice_en_21783507.mp3,She becomes pregnant and basing my daughter.
Amazon,"They moved to Ohio, becoming the Cleveland Crusaders.",2,1,teens,male,singapore,en,,8,TRUE,FALSE,common_voice_en_20876218.mp3,"they moved to Ohio, becoming the Keith Flint Crusaders."
Amazon,"During their half-century of exile, however, the last great flowing of Anatolian Hellenism began.",2,0,teens,male,singapore,en,,14,TRUE,FALSE,common_voice_en_20858357.mp3,"during the half century of eggs Olive ever the last great flowing of Anatolian. Helen is, um, began."
Amazon,"There was an accident at work, a camel stampede nearly killed the janitor.",2,1,twenties,male,singapore,en,,13,TRUE,FALSE,common_voice_en_17345215.mp3,There was an accident network camel stampede nearly killed the janitor.
Amazon,Factional fighting continued in the south.,2,0,teens,male,singapore,en,,6,TRUE,FALSE,common_voice_en_20876584.mp3,Factional fighting continuing this.
Amazon,Even then he hardly understood what this meant.,13,1,twenties,female,singapore,en,,8,TRUE,FALSE,common_voice_en_13532.mp3,"Even then, he hardly understood what this meant."
Amazon,Her son went upstairs to help her.,2,0,teens,male,singapore,en,,7,TRUE,FALSE,common_voice_en_20860952.mp3,the sun went upstairs to help out.
Amazon,He became known as Don Luis.,2,0,twenties,male,singapore,en,,6,TRUE,FALSE,common_voice_en_18722156.mp3,He became known as Don Louis.
Amazon,"Appalled, Martin refuses Sonia access to Rebecca.",2,0,thirties,male,singapore,en,,7,TRUE,FALSE,common_voice_en_19605243.mp3,apart. Martin refuses Sonia access to Rebecca.
Amazon,Leave it all to me.,2,0,teens,male,singapore,en,,5,TRUE,FALSE,common_voice_en_20858215.mp3,Leave It All To Me.
Amazon,"The gold can be tinted yellow, white and rose color.",2,1,teens,male,singapore,en,,10,TRUE,FALSE,common_voice_en_20858222.mp3,"The goal can be tinted, yellow, white and rose color."
Amazon,Robinson won six Canadian national titles.,2,0,teens,male,singapore,en,,6,TRUE,FALSE,common_voice_en_20860092.mp3,Robinson 16 Canadian National Titles.
Amazon,"Like Don Andrews, he was originally a member of the Western Guard Party.",2,0,teens,male,singapore,en,,13,TRUE,FALSE,common_voice_en_19020925.mp3,"Like Don Andrews, he was originally a member of the Western Garden Party."
Amazon,Rosanna's main arterial roads are Lower Plenty Road and Rosanna Road.,2,0,teens,male,singapore,en,,11,TRUE,FALSE,common_voice_en_20860887.mp3,Rosanna main arterial roads are Lower plenty Road and Rosanna Road.
Amazon,It has had a mixed reception compared to his other works.,2,0,teens,male,singapore,en,,11,TRUE,FALSE,common_voice_en_20791694.mp3,It has had a mixed reception compared to his other works.
Amazon,"The city's major industries include textiles, paper-making, fine chemicals, machinery, steel and forestry products.",2,0,teens,male,singapore,en,,14,TRUE,FALSE,common_voice_en_20858452.mp3,"The city's major industries include textiles, papermaking, find chemicals, machinery, steel and forestry products."
Amazon,What is it all about?,2,0,twenties,male,singapore,en,,5,TRUE,FALSE,common_voice_en_17340854.mp3,What is it All about?
Amazon,"Huarte stressed ""somatic determinants of behavior"" which originate in the brain.",2,0,twenties,male,singapore,en,,11,TRUE,FALSE,common_voice_en_18722199.mp3,quart stressed somatic determinants of behaviour which originate in the brain.
Amazon,"Only the cymbal player, Nakamura, whose lunch Tomoko ate, is unaffected.",2,0,teens,male,singapore,en,,11,TRUE,FALSE,common_voice_en_20860165.mp3,"only the Cymbal player Nakamura, whose lunch tomorrow it is unaffected."
Amazon,Think for yourself.,2,0,twenties,male,singapore,en,,3,TRUE,FALSE,common_voice_en_18785369.mp3,Big for Yourself.
Amazon,Release of this set is now delayed indefinitely.,2,0,teens,male,singapore,en,,8,TRUE,FALSE,common_voice_en_20866764.mp3,"release of this set is known, delayed indefinitely."
Amazon,It is an affiliate of Daystar.,2,0,teens,male,singapore,en,,6,TRUE,FALSE,common_voice_en_21117551.mp3,It is an a failure of the style.
Amazon,What can I do for you?,2,0,teens,male,singapore,en,,6,TRUE,FALSE,common_voice_en_17248765.mp3,What can I do for you?
Amazon,A class action suit was filed against China Airlines and Airbus Industrie for compensation.,2,0,twenties,male,singapore,en,,14,TRUE,FALSE,common_voice_en_18785362.mp3,A class action suit was filed against china airlines and Airbus industry for compensation.
Amazon,The town's source of electricity is the nearby Sor Hydroelectric Station.,2,0,teens,male,singapore,en,,11,TRUE,FALSE,common_voice_en_21783502.mp3,The town source of electricity is the nearby Saw hydro electric station.
Amazon,I don't think there'll be any more.,3,0,thirties,male,singapore,en,,7,TRUE,FALSE,common_voice_en_19196425.mp3,I don't think there'll be any more.
Amazon,"The riding was named after the small town of Pakan, Alberta.",2,0,teens,male,singapore,en,,11,TRUE,FALSE,common_voice_en_20858426.mp3,The riding was named after the small town of picking Alberta.
Amazon,Second unit director can be a stepping stone for aspiring directors to gain experience.,2,0,teens,male,singapore,en,,14,TRUE,FALSE,common_voice_en_20860913.mp3,Second Unit Director can be a stepping stone for aspiring directors to gain experience.
Amazon,Bernard Cornwell's fictional character Richard Sharpe was named after him.,2,0,twenties,male,singapore,en,,10,TRUE,FALSE,common_voice_en_18722195.mp3,"Bernard Cornwell's fictional character, Richard Sharpe, was named after him."
Amazon,Napoleon was concerned about Russia's intentions in the strategically vital Bosporus and Dardanelles straits.,2,1,teens,male,singapore,en,,14,TRUE,FALSE,common_voice_en_20859856.mp3,"napoleon was concerned about Russia's intentions in the strategically vital, prosperous and Dardanelles streets."
Amazon,"""Never to come on a green twig;"" not to get on in the world.",2,0,twenties,male,singapore,en,,14,TRUE,FALSE,common_voice_en_17393010.mp3,Never to come on a green twig not to get on in the world.
Amazon,He received the Blue Water Medal for his victory.,2,0,teens,male,singapore,en,,9,TRUE,FALSE,common_voice_en_20879079.mp3,he received the blue water medal for his victory.
Amazon,Trenches were dug across the surrounding area to prevent an airborne attack.,2,0,teens,male,singapore,en,,12,TRUE,FALSE,common_voice_en_20860082.mp3,Trenches were dug across the surrounding area to prevent an airborne attack.
Amazon,"Similarly, pop art was both an extension and a repudiation of Dadaism.",2,1,teens,male,singapore,en,,12,TRUE,FALSE,common_voice_en_20866797.mp3,"Similarly, papa was built an extension and a repudiation dadaism."
Amazon,He was on the mound when the final out was recorded.,2,0,twenties,male,singapore,en,,11,TRUE,FALSE,common_voice_en_23841252.mp3,He was on the mountain when the Final Almost Recorded.
Amazon,The couple also spent significant amounts of time in Geneva and Paris.,3,0,twenties,male,singapore,en,,12,TRUE,FALSE,common_voice_en_18923785.mp3,The couple also spent significant amounts of time in geneva and paris.
Amazon,His abstract paintings are a mixture of acrylics and pen drawings.,2,0,twenties,male,singapore,en,,11,TRUE,FALSE,common_voice_en_21947113.mp3,He's abstract paintings are the mixture of acrylics and pan drawings.
Amazon,I was glad to hear this.,2,0,twenties,male,singapore,en,,6,TRUE,FALSE,common_voice_en_18515918.mp3,I was glad to hear this.
Amazon,"The Reliant Robin aimed to provide economical, predictable personal transportation.",2,0,twenties,male,singapore,en,,10,TRUE,FALSE,common_voice_en_18785402.mp3,"To rely and wrong and aimed to provide economical, predictable personal transportation."
Amazon,The greater reactivity of chlorate is typical – perchlorates are kinetically poorer oxidants.,2,1,twenties,male,singapore,en,,13,TRUE,FALSE,common_voice_en_18722346.mp3,"The greater activity of chlorate is typical, which glories are genetically poorer occident."
Amazon,A single fief will generally contain a variety of these weapons among its members.,2,1,thirties,male,singapore,en,,14,TRUE,FALSE,common_voice_en_19118514.mp3,A single thief will generally contain a variety of these weapons among its members.
Amazon,Vicary was unable to ever reproduce the results of his experiments.,2,1,teens,male,singapore,en,,11,TRUE,FALSE,common_voice_en_20879076.mp3,Degree is unable to ever reproduce the results of his experiments.
Amazon,‘How did I do it?’ he inquired.,2,0,twenties,female,singapore,en,,7,TRUE,FALSE,common_voice_en_20034680.mp3,"How did I do it, he inquired."
Amazon,One of the most significant differences was the coordinate system.,2,0,twenties,male,singapore,en,,10,TRUE,FALSE,common_voice_en_21946936.mp3,When the most significant differences was there good in nature system?
Amazon,The rooftop was tiled with ceramic and terracotta tiles.,2,0,teens,male,singapore,en,,9,TRUE,FALSE,common_voice_en_21783510.mp3,The roof was taught with ceramic and terracotta at house.
Amazon,Can't say I mind either way.,2,0,twenties,male,singapore,en,,6,TRUE,FALSE,common_voice_en_18515921.mp3,can say I mind either way.
Amazon,It is the property of sound that most determines pitch.,2,0,teens,male,singapore,en,,10,TRUE,FALSE,common_voice_en_20791688.mp3,It is the property of sound that most of diamonds pitch.
Amazon,"However, it is served from a Lower Austrian mail distribution centre.",2,0,teens,male,singapore,en,,11,TRUE,FALSE,common_voice_en_19020932.mp3,"However, it is served from a lower Australian male distribution center."
Amazon,And so it proved.,2,0,teens,male,singapore,en,,4,TRUE,FALSE,common_voice_en_13714927.mp3,And so it proved.
Amazon,Guests can use a full practice range and separate short-game facility.,2,0,teens,male,singapore,en,,11,TRUE,FALSE,common_voice_en_20894843.mp3,Guests can use a full practice range and separate shot game facility.
Amazon,"No one spoke, everyone shouted.",2,0,teens,male,singapore,en,,5,TRUE,FALSE,common_voice_en_20860018.mp3,"No one spoke, everyone shall turn."
Amazon,The third Dalai Lama studied at Drepung Monastery and became its abbot.,2,0,teens,male,singapore,en,,12,TRUE,FALSE,common_voice_en_20876202.mp3,The 3rd Dalai Lama studied at Japan Ministry and became its habit.
Amazon,Each class is composed of multiple divisions and then sections.,2,0,twenties,male,singapore,en,,10,TRUE,FALSE,common_voice_en_18722308.mp3,Each class is composed of multiple divisions and then sections.
Amazon,Have you prepared for tomorrow's Geography quiz?,2,0,twenties,male,singapore,en,,7,TRUE,FALSE,common_voice_en_17345928.mp3,Have you prepared for Tomorrow's Geographic Quiz?
Amazon,Where is my dress?,2,0,,,singapore,en,,4,TRUE,FALSE,common_voice_en_17284354.mp3,Where is My Dress?
Amazon,Often called 'Sanna' in Sweden.,2,0,teens,male,singapore,en,,5,TRUE,FALSE,common_voice_en_20879368.mp3,often called Sanna in Sweden.
Amazon,"""You're a good lad, you know?"" he told his son with stern eyes.",2,0,twenties,male,singapore,en,,13,TRUE,FALSE,common_voice_en_17345216.mp3,"You're a good lad, you know, he told his son with stern eyes."
Amazon,Openness can be said to be the opposite of secrecy.,2,0,teens,male,singapore,en,,10,TRUE,FALSE,common_voice_en_20858459.mp3,Openness can be said to be the opposite of secrecy.
Amazon,The lawyer looks down over the hand-rail.,2,1,twenties,male,singapore,en,,7,TRUE,FALSE,common_voice_en_21947187.mp3,the lawyer looked down over the Henry.
Amazon,Final mixing was performed at Crystal Sound.,2,0,teens,male,singapore,en,,7,TRUE,FALSE,common_voice_en_21275141.mp3,final mixing was performed that Crystal's ond.
Amazon,It has tourist attractions like spas.,2,0,teens,male,singapore,en,,6,TRUE,FALSE,common_voice_en_20858394.mp3,Yes tourist attractions like spas.
Amazon,One soldier was killed in action due to a roadside bomb in Iraq.,2,1,teens,male,singapore,en,,13,TRUE,FALSE,common_voice_en_20877985.mp3,One soldier was killed in action due to a roadside bomb in Iraq.
Amazon,"He also served as director of the ""Portage Women's Shelter"".",2,0,teens,male,singapore,en,,10,TRUE,FALSE,common_voice_en_21117655.mp3,He also served as Director of the Portage Women's Shelter.
Amazon,Daphne is surprised to see Ethan at the competition.,2,0,teens,male,singapore,en,,9,TRUE,FALSE,common_voice_en_21303369.mp3,Definitely surprised to see eaten in the competition.
Amazon,"It is about forty kilometres east of Prince Albert, Saskatchewan.",2,0,twenties,male,singapore,en,,10,TRUE,FALSE,common_voice_en_18722151.mp3,It is about 40 km east of Prince Albert Saskatchewan.
Amazon,"Me too, so I try to get plenty wherever I go.",2,0,twenties,male,singapore,en,,11,TRUE,FALSE,common_voice_en_17393105.mp3,"Me too, so I try to get plenty wherever I go."
Amazon,"Right, well let's poke around his lab a little.",2,1,twenties,male,singapore,en,,9,TRUE,FALSE,common_voice_en_17345195.mp3,"Right, well, let's poke around his lab a leader."
Amazon,She retracted her statement.,2,1,teens,male,singapore,en,,4,TRUE,FALSE,common_voice_en_13714926.mp3,She retracted her statement. Yeah.
Amazon,"This process is known as ""electron-hole pair generation"".",2,0,teens,male,singapore,en,,8,TRUE,FALSE,common_voice_en_20858496.mp3,this process is known as electron hole pair generation.
Amazon,"Even with night-vision goggles, no target was in sight.",2,0,twenties,male,singapore,en,,9,TRUE,FALSE,common_voice_en_18515929.mp3,"Even with like fishing goggles, no target was inside."
Amazon,The center is on land that had been occupied by a surface parking lot.,2,1,teens,male,singapore,en,,14,TRUE,FALSE,common_voice_en_21275189.mp3,One the center is on land that had been occupied by a surface parking lot.
Amazon,They were a small group that made their ideology very clear.,2,0,teens,male,singapore,en,,11,TRUE,FALSE,common_voice_en_21275211.mp3,They were small group that made their ideology very clear.
Amazon,"Instead, it's a relic.",2,1,twenties,male,singapore,en,,4,TRUE,FALSE,common_voice_en_18722244.mp3,"Instead, it's a relic."
Amazon,"The company was acquired by the Cummins Engine Company of Columbus, Indiana.",2,1,teens,male,singapore,en,,12,TRUE,FALSE,common_voice_en_20860125.mp3,The company was acquired by the comments engine company of columbus indiana.
Amazon,Their root zones are superb micro-sites for bacterial communities.,2,0,twenties,male,singapore,en,,9,TRUE,FALSE,common_voice_en_18722264.mp3,their root zones are super micro sites for bacterial communities.
Amazon,Did you know that Mohammad was so good at tennis?,2,0,twenties,male,singapore,en,,10,TRUE,FALSE,common_voice_en_17392960.mp3,Did you know that Mohammed was so good at tennis?
Amazon,It is located near the source of the Wapsipinicon River.,2,0,twenties,male,singapore,en,,10,TRUE,FALSE,common_voice_en_20674594.mp3,It is located near the source of the website picnic on the river.
Amazon,More friendly relations were established as the road construction increased.,2,0,teens,male,singapore,en,,10,TRUE,FALSE,common_voice_en_20894842.mp3,more friendly relations were established as the royal construction increased. Yeah.
Amazon,Vonnegut's Terry Kitchen was a talented member of the Abstract Expressionist movement.,2,1,twenties,male,singapore,en,,12,TRUE,FALSE,common_voice_en_18722414.mp3,Von Goods. Terry Kitchen was a talented member of the Abstract Expressionist movement.
Amazon,"The Brighton main line is adjacent, but is not served by this station.",2,0,twenties,male,singapore,en,,13,TRUE,FALSE,common_voice_en_23841199.mp3,"The Britain May nine is adjacent, but it's not served by the station."
Amazon,The area of Skigersta near the shore is called 'Lachamore'.,2,0,teens,male,singapore,en,,10,TRUE,FALSE,common_voice_en_20879351.mp3,the area is just a near the shore is caught like a more.
Amazon,"No offense, but your agility leaves a lot to be desired.",2,1,twenties,male,singapore,en,,11,TRUE,FALSE,common_voice_en_17393000.mp3,"No offense, but your agility leaves a lot to be desired."
Amazon,Are children more creative than adults?,2,0,twenties,male,singapore,en,,6,TRUE,FALSE,common_voice_en_17392983.mp3,Our Children more creative than adults.
Amazon,He was replaced by Katie Hopkins.,2,0,teens,male,singapore,en,,6,TRUE,FALSE,common_voice_en_20861068.mp3,He was replaced by Katie Hopkins.
Amazon,The color of hematite lends itself to use as a pigment.,2,0,twenties,male,singapore,en,,11,TRUE,FALSE,common_voice_en_18785348.mp3,The color of hammer tight lends itself to use as a pigment.
Amazon,"Stewart was married four times, most notably to Margaret Hockridge.",2,0,teens,male,singapore,en,,10,TRUE,FALSE,common_voice_en_21783501.mp3,"Stewart was married four times, most notably to Migrate Hawk Ridge."
Amazon,"""I don't understand Shakespeare's sonnets at all, but I follow his tragedies,"" he said.",2,0,teens,male,singapore,en,,14,TRUE,FALSE,common_voice_en_20860155.mp3,"I don't understand Shakespeare's sonnet at all, but I follow his tragedies, he said."
Amazon,"A wink is as good as a nod, to a blind man.",2,0,teens,male,singapore,en,,12,TRUE,FALSE,common_voice_en_17250776.mp3,a wink is as good as a nod to a blind man.
Amazon,"Remember to take your full course of antibiotics, stopping early is dangerous for your health.",2,0,teens,male,singapore,en,,15,TRUE,FALSE,common_voice_en_17250766.mp3,"Remember to take your full course of antibiotics, stopping early is dangerous for your health."
Amazon,I'm afraid it is important.,2,0,teens,male,singapore,en,,5,TRUE,FALSE,common_voice_en_107220.mp3,I'm afraid it is important.
Amazon,Your crew will do the mop up job.,2,0,teens,male,singapore,en,,8,TRUE,FALSE,common_voice_en_114764.mp3,Your crew will do the mop up job.
Amazon,He gave the door handle an apologetic rattle.,2,0,twenties,male,singapore,en,,8,TRUE,FALSE,common_voice_en_18515920.mp3,He gave the door handle an apologetic rattle.
Amazon,"To my satisfaction, I have been mentioned in the credits for my proficiency.",2,0,,,singapore,en,,13,TRUE,FALSE,common_voice_en_17284345.mp3,"To my satisfaction, I have been mentioned in the credits for my proficiency."
Amazon,Simon was born in Stockholm to an American father and a Norwegian mother.,2,1,teens,male,singapore,en,,13,TRUE,FALSE,common_voice_en_20876387.mp3,Simon was one has spoken to an American father and a Norwegian mother.
Amazon,The following month Packer unexpectedly resigned from the board.,2,0,thirties,male,singapore,en,,9,TRUE,FALSE,common_voice_en_18844125.mp3,"The following month, Packer unexpectedly resigned from the board."
Amazon,"She together with Yan, go live in an orphanage since Yan was running it.",2,0,teens,male,singapore,en,,14,TRUE,FALSE,common_voice_en_21117392.mp3,She together with Ryan go live in an orphanage since yen was running it okay?
Amazon,"Gibson has resided with his family in Summit, New Jersey.",2,0,teens,male,singapore,en,,10,TRUE,FALSE,common_voice_en_20860231.mp3,"Gibson has resided with his family in Summit, New Jersey."
