sentence,up_votes,down_votes,age,gender,accent,locale,segment,sentence_len,is_asian,us_eu,jobName,transcript
The heat experiment was then aborted.,2,0,twenties,female,australia,en,,6,False,True,common_voice_en_22281828.mp3,The heat experiment is then a body.
It was also equipped with a deactivating liquid tank and underbelly spraying apparatus.,2,0,twenties,female,australia,en,,13,False,True,common_voice_en_22946921.mp3,It was also equipped with a deactivating liquid tank and underbelly spraying apparatus.
The ashtray was empty.,2,0,fourties,male,australia,en,,4,False,True,common_voice_en_15734560.mp3,The ashtray was empty.
"""Because I've always heard about them,"" the boy answered, saying nothing about his dream.",3,0,twenties,male,australia,en,,14,False,True,common_voice_en_168236.mp3,"Because I've always heard about them, the boy answered, saying nothing about history."
The diploma is awarded upon successful completion of a course which includes four units.,2,1,twenties,male,australia,en,,14,False,True,common_voice_en_19871717.mp3,"The diploma is awarded upon successful completion of the course, which includes four units."
A new limit to the number of pets allowed per owner was also added.,3,0,teens,other,australia,en,,14,False,True,common_voice_en_18974994.mp3,A new limit to the number of pets allowed pet owner was also added.
We are only servants.,2,0,fourties,male,australia,en,,4,False,True,common_voice_en_18545816.mp3,We are all my servants.
Marin has been slightly more competitive when voting for governor.,2,0,fifties,male,australia,en,,10,False,True,common_voice_en_19943217.mp3,Marron has been slightly more competitive when voting for governor.
"Dwayne won the Silver Ermita award, in Colombia, as a vocal soloist.",2,0,twenties,male,australia,en,,12,False,True,common_voice_en_21636766.mp3,Dwayne won the silver A meter award in Colombia as a vocal soloist.
"This has not stopped fans from creating a set of ""Rules For Dragon Poker"".",2,0,teens,male,australia,en,,14,False,True,common_voice_en_19455843.mp3,This has not stopped fans from creating a set of rules that Dragon Poker.
The episodes are viewed in the same way as the comics are released.,2,0,twenties,female,australia,en,,13,False,True,common_voice_en_22298703.mp3,The episodes are veered in the same way as the comics are released.
Mountain Pointe is a part of the Tempe Union High School District.,2,0,twenties,male,australia,en,,12,False,True,common_voice_en_19676189.mp3,Mountain Point is a part of the Temp Union High School District.
This term applies to opposite points on a circle or any n-sphere.,2,0,teens,other,australia,en,,12,False,True,common_voice_en_20768932.mp3,This term applies to officer points on a circle or any atmosphere.
"Today there are attempts to develop the work of local artisans, especially in ceramics.",2,0,teens,other,australia,en,,14,False,True,common_voice_en_20934336.mp3,"Today there was attempts to develop the work of local artisans, especially in ceramics."
The Mayor is elected for four-year terms.,2,0,fourties,male,australia,en,,7,False,True,common_voice_en_22236698.mp3,The mayor is elected for four year terms.
The phone call got interrupted due to unknown reasons.,2,0,fourties,male,australia,en,,9,False,True,common_voice_en_15734626.mp3,The phone call got interrupted due to unknown reasons.
"He played Legion baseball in Oxford, Pennsylvania.",2,0,teens,other,australia,en,,7,False,True,common_voice_en_20357673.mp3,He played legion baseball in oxford pennsylvania.
"The band also played for Aitken on his single, ""Rudi Got Married"".",2,1,twenties,female,australia,en,,12,False,True,common_voice_en_22319685.mp3,The Shadows at like the item and a single greedy but married.
"Ecco's name was suggested by Halpern's initial backer, ketchup heiress Drue Heinz.",2,0,seventies,female,australia,en,,12,False,True,common_voice_en_19794290.mp3,"Echoes name was suggested by Halpern's initial backer, ketchup heiress Drew Hinds."
"For this, he was named a Disney Legend.",2,0,teens,other,australia,en,,8,False,True,common_voice_en_19018878.mp3,For this he was named Disney Legend.
The Monday to Friday off-peak service is two trains per hour each way.,2,0,teens,other,australia,en,,13,False,True,common_voice_en_19081425.mp3,The Monday to Friday of Peak Services two trains per hour each way.
Will you marry me?,2,0,thirties,male,australia,en,,4,False,True,common_voice_en_17277871.mp3,Will You marry Me?
Roberts Media is wholly owned by veteran broadcaster Larry Roberts.,2,0,twenties,male,australia,en,,10,False,True,common_voice_en_21636854.mp3,Roberts Media is wholly owned by veteran broadcaster Larry roberts.
Can maths explain everything?,2,0,teens,other,australia,en,,4,False,True,common_voice_en_18458792.mp3,Can Mats explain everything?
"I didn't find the blow-dryer, so I just used the vacuum-cleaner.",2,1,fourties,female,australia,en,,11,False,True,common_voice_en_212902.mp3,I didn't find the blow dryer so I just used the vacuum.
Dwelly was nonetheless eager to express his gratitude to those who assisted him.,2,0,thirties,other,australia,en,,13,False,True,common_voice_en_22777441.mp3,"Well, he was nonetheless eager to express his gratitude to those who assisted him."
The stadium has since been heavily damaged by looters.,2,0,teens,other,australia,en,,9,False,True,common_voice_en_19429298.mp3,The stadium has since been heavily damaged by looters.
"In the early history of Islam, Hanafi doctrine was not fully compiled.",2,0,twenties,female,australia,en,,12,False,True,common_voice_en_23733153.mp3,In the early history of esteban Hanafi doctrine was not fully compliant.
I think a sequential model can solve this problem.,2,0,fourties,male,australia,en,,9,False,True,common_voice_en_18460263.mp3,I think as a conventional model can solve this problem.
"During the early period of Ottoman rule, Berat fell into severe decline.",2,0,fifties,male,australia,en,,12,False,True,common_voice_en_21799750.mp3,"During the early period of Ottoman rule, Borat fell into severe decline."
Did you hear anything?,2,0,teens,other,australia,en,,4,False,True,common_voice_en_17290524.mp3,Did you hear anything?
All seven seasons are also currently available through a Canadian subscription to Netflix.,2,1,teens,other,australia,en,,13,False,True,common_voice_en_21692099.mp3,All seven seasons are also currently available through Canadian subscription to Netflix.
It is located in a valley in Pok Fu Lam.,2,0,twenties,male,australia,en,,10,False,True,common_voice_en_20282479.mp3,"Okay, it is located in a valley in Poland."
"Esther Deans wrote the books ""No-Dig Gardening"" and ""Leaves of Life"".",2,0,teens,other,australia,en,,11,False,True,common_voice_en_20013431.mp3,A Sardines wrote the books no dig gardening and leaves of life.
Have you ever been to Singapore?,2,0,fourties,male,australia,en,,6,False,True,common_voice_en_17260185.mp3,Have you ever been to Singapore?
The story is written with extraordinary language and a brilliant style.,2,0,fifties,male,australia,en,,11,False,True,common_voice_en_21595337.mp3,The story is written with extraordinary language and a brilliant style.
He was my brother.,2,0,thirties,male,australia,en,,4,False,True,common_voice_en_216435.mp3,He was my brother.
It has a cascading effect.,2,0,fourties,male,australia,en,,5,False,True,common_voice_en_18536557.mp3,It has a cascading effect.
"However, ‘jurymen’ would have done just as well.",2,0,fourties,male,australia,en,,8,False,True,common_voice_en_18543164.mp3,"However, Jury men would have done just as well."
"But the title is also a rather obscure nod to The Beatles' ""Revolver"".",2,1,teens,other,australia,en,,13,False,True,common_voice_en_19206647.mp3,"Yeah, but the titles also rather obscure not to the Beatles revolver."
"For a left-handed percussionist, the legs and hands are switched.",2,0,twenties,male,australia,en,,10,False,True,common_voice_en_18979043.mp3,"For a left handed percussionist, the legs and hands are switched."
"Soon after this ""rediscovery,"" Boubacar's wife died during childbirth.",2,0,seventies,male,australia,en,,9,False,True,common_voice_en_18986688.mp3,"Soon after this rediscovery boubacar, his wife died during childbirth okay?"
Did you rewind the cassette?,2,0,thirties,male,australia,en,,5,False,True,common_voice_en_17249486.mp3,Did you rewind the cassette?
"He secured the support of Arnaud Montebourg, who placed third, soon thereafter.",2,0,twenties,male,australia,en,,12,False,True,common_voice_en_18979234.mp3,"He secured the support of Honor Montebello, who plays good soon thereafter."
George was the Chairman of the Society of Black Engineers' Publications Committee.,2,0,twenties,male,australia,en,,12,False,True,common_voice_en_19388558.mp3,George was the Chairman of the Society of Black Engineers Publications Committee.
Over three-quarters of these deaths occurred in sub-Saharan Africa.,2,0,thirties,male,australia,en,,9,False,True,common_voice_en_23382844.mp3,Over three quarters of these death occurred in sub Saharan africa.
My daughter is hoping to volunteer at a nature reserve.,2,0,teens,other,australia,en,,10,False,True,common_voice_en_18455743.mp3,My daughter is hoping to volunteer the nature reserve.
Murrysville is within the Franklin Regional School District.,2,0,teens,other,australia,en,,8,False,True,common_voice_en_20365739.mp3,Murrysville is within the Franklin Regional School District.
There are many variants of the puzzle.,2,0,twenties,male,australia,en,,7,False,True,common_voice_en_21337950.mp3,There are many variants of the puzzle.
"The unusual strategy worked, and the Yellow Jackets upset Notre Dame.",2,0,twenties,male,australia,en,,11,False,True,common_voice_en_19871724.mp3,The unusual strategy worked and the yellowjackets upset Notre Dam.
It is named for the Portuguese explorer Vasco da Gama.,2,0,twenties,female,australia,en,,10,False,True,common_voice_en_22278592.mp3,Mhm It is named for the Portuguese explorer Vasco da Gama.
"The skeleton comes magically to life and becomes Terrybubble, a live dinosaur skeleton.",2,0,teens,male,australia,en,,13,False,True,common_voice_en_22069033.mp3,The skeleton comes magically to life and becomes terry bubble a live dinosaur skeleton.
"Back to our original plan, I think.",2,0,fourties,male,australia,en,,7,False,True,common_voice_en_17746452.mp3,"Back to our Original Plan, I think."
Trockel is notable for her work as a conceptual artist.,2,1,teens,other,australia,en,,10,False,True,common_voice_en_20957061.mp3,Chaka was notable for her work as a conceptual artist.
LaRue refused to testify against Nixon or any other Watergate figure.,2,0,sixties,male,australia,en,,11,False,True,common_voice_en_20220400.mp3,Laura refused to testify against Nixon or any other Watergate figure.
The local council looks after municipal needs.,2,0,sixties,male,australia,en,,7,False,True,common_voice_en_18618683.mp3,The Local council looks after municipal needs.
The mother sat in the courtroom.,2,0,fourties,male,australia,en,,6,False,True,common_voice_en_15903317.mp3,The mother sat in the courtroom.
The young girl introduces herself as Laureline and offers to act as his guide.,2,1,teens,other,australia,en,,14,False,True,common_voice_en_20303621.mp3,"The young girl introduces herself as Laura, lean an office to act as his guide."
"Counsell was born in South Bend, Indiana.",2,0,teens,male,australia,en,,7,False,True,common_voice_en_22066401.mp3,Council was born in south bend indiana.
"I wanted the doll, but the auction became too expensive.",2,0,fourties,male,australia,en,,10,False,True,common_voice_en_17250847.mp3,"I wanted the dull, but the auction became too expensive."
Almost every asset class is managed both internally and externally.,2,0,fifties,female,australia,en,,10,False,True,common_voice_en_19607900.mp3,Almost every asset class is managed both internally and externally.
Legs hairy with spurs absent on tibia.,2,0,teens,other,australia,en,,7,False,True,common_voice_en_19743064.mp3,Legs harry with spurs absent on tibia.
"Early on, it was a major opponent of a perceived ""Americanizing"" of the Church.",2,0,teens,other,australia,en,,14,False,True,common_voice_en_20424049.mp3,"Early on, it was major opponent of a perceived Americanizing of the church."
The first Baron also represented Tamworth in Parliament as a Conservative.,2,1,teens,other,australia,en,,11,False,True,common_voice_en_18783262.mp3,The first Barham also represented to morph into Parliament as a Conservative.
The corrections divisions has its offices in Gibson Hall.,2,0,twenties,male,australia,en,,9,False,True,common_voice_en_21670025.mp3,The corrections divisions has its offices in Gibson Hall.
"Cable was born in New Milford, Connecticut, where his father was a farmer.",2,0,twenties,female,australia,en,,13,False,True,common_voice_en_22292203.mp3,"Cable was born in new milford Connecticut, where his father was a farmer."
"He was expelled from the latter for ""gross, studied and sustained insolence"".",2,0,fourties,male,australia,en,,12,False,True,common_voice_en_22299614.mp3,He was expelled from the latter for Gross studied and sustained insolence.
The men were terrified at his sorcery.,3,0,fifties,male,australia,en,,7,False,True,common_voice_en_111714.mp3,The men were terrified at his sorcery.
A unique feature of this pistol model is the unloading device.,2,0,teens,other,australia,en,,11,False,True,common_voice_en_21754122.mp3,A unique feature of this pistol model is the unloading device.
I saw a Ford Focus for sale.,2,0,teens,other,australia,en,,7,False,True,common_voice_en_18658046.mp3,I saw a ford focus for sale.
"In China, he passed the civil-service examination.",2,0,fourties,male,australia,en,,7,False,True,common_voice_en_22299708.mp3,In china he passed the Civil Service examination.
Some examples of the music played for the dancers have survived.,2,0,fifties,female,australia,en,,11,False,True,common_voice_en_19596026.mp3,Some examples of the music played for the dancers have survived.
I looked in the mirror.,2,0,fourties,male,australia,en,,5,False,True,common_voice_en_18497173.mp3,I looked in the mirror.
"During winters, gauchos wore heavy wool ponchos to protect against cold.",2,0,teens,other,australia,en,,11,False,True,common_voice_en_20393273.mp3,During winters grew to more heavy wall pointers to protect against cold.
Several prostaglandin E synthases have been identified.,2,0,thirties,male,canada,en,,7,False,True,common_voice_en_18893760.mp3,Several prostaglandin E synthesis have been identified.
I wonder what's eating that old money grubbing buzzard anyway?,3,0,sixties,female,canada,en,,10,False,True,common_voice_en_143601.mp3,I wonder what's eating that old money grubbing buzzard anyway.
Mongolians traditionally were afraid of misfortunes and believe in good and bad omens.,2,0,teens,male,canada,en,,13,False,True,common_voice_en_19687856.mp3,Mongolians traditionally were afraid of misfortunes and believed in good and bad omens.
At the northwestern periphery of the town the drift consists of recently blown sand.,2,0,fourties,male,canada,en,,14,False,True,common_voice_en_19959908.mp3,At the northwestern periphery of the town of the drift consists of recently blown sand.
"He was buried at Oak Hill Cemetery in his hometown of Jasper, Alabama.",2,1,teens,male,canada,en,,13,False,True,common_voice_en_19610290.mp3,He was buried at o neill Cemetery in his own town of Jasper Alabama.
"He enjoyed sailing, owning two boats at Salcombe in Devon.",2,0,thirties,male,canada,en,,10,False,True,common_voice_en_20114610.mp3,"He enjoyed sailing, owning two boats at Salle Comb in Devon."
Cox continued Frazier's policies and made few administrative changes.,2,0,teens,male,canada,en,,9,False,True,common_voice_en_22000544.mp3,COx continued Frazier's policies and made a few administrative changes Mhm.
"For example, Colombia, Chile, Argentina and Venezuela.",2,0,twenties,male,canada,en,,7,False,True,common_voice_en_17261756.mp3,"For example, Colombia chile Argentina and Venezuela."
It is predicted to increase in a stable growth rate in the coming years.,2,0,teens,male,canada,en,,14,False,True,common_voice_en_19079890.mp3,It is predicted to increase in a stable growth rate in the coming years.
"Oh, behave!.",2,0,teens,male,canada,en,,2,False,True,common_voice_en_18667644.mp3,Oh behave!
"It was so good of her, and so encouraging to me!",2,0,twenties,male,canada,en,,11,False,True,common_voice_en_18607551.mp3,It was so good of her and so encouraging to me.
A total of six games were released in J-Cart format.,2,0,twenties,male,canada,en,,10,False,True,common_voice_en_21453189.mp3,A total of six games were released in J. Card format.
"At the time, many units served as both ambulances and funeral vehicles, called combinations.",2,1,fifties,female,canada,en,,14,False,True,common_voice_en_19703082.mp3,"At the time, many units served as both ambulances and funeral vehicles called combinations."
He also invented many other related inventions.,2,1,fifties,male,canada,en,,7,False,True,common_voice_en_20113858.mp3,He also invented many other related inventions.
We didn't steal it.,2,0,fifties,male,canada,en,,4,False,True,common_voice_en_185403.mp3,We didn't steal it.
It was also the last album released by James William Guercio's Caribou Records.,2,0,twenties,male,canada,en,,13,False,True,common_voice_en_20835064.mp3,It was also the last album released by James William Garcia's Caribou Records.
"The album was recorded at Randy's in Kingston, Jamaica.",2,0,twenties,male,canada,en,,9,False,True,common_voice_en_19533514.mp3,The album was recorded Randy's in Kingston Jamaica.
It simulates an open-sided safari ride through the savanna of East Africa.,2,0,fourties,male,canada,en,,12,False,True,common_voice_en_20271420.mp3,"It stimulates an open sided, so fire ride through the savanna of East africa."
Both families had only ocular features.,2,0,twenties,female,canada,en,,6,False,True,common_voice_en_20482206.mp3,Both families had only ocular features.
The increase in incarceration led to prison overcrowding.,2,0,fourties,male,canada,en,,8,False,True,common_voice_en_18842190.mp3,The increase in incarceration led to prison overcrowding.
I think they perceived that nothing was to be done at the moment.,5,0,fifties,female,canada,en,,13,False,True,common_voice_en_101064.mp3,"Okay, I think they perceived that nothing was to be done at the moment."
They are nicknamed 'Constitution' or 'The Constitutes'.,2,0,twenties,male,canada,en,,7,False,True,common_voice_en_21090921.mp3,They are nicknamed Constitution or the constitutes.
"Despite these divergences in opinions, people can agree on some common views.",2,1,thirties,male,canada,en,,12,False,True,common_voice_en_18645755.mp3,"Despite these divergences and opinions, people can agree on some common views."
What's in it for me?,2,0,fourties,female,canada,en,,5,False,True,common_voice_en_17428767.mp3,What's In It For Me?
The southern part of the county drains into the Canadian River.,3,0,twenties,male,canada,en,,11,False,True,common_voice_en_22469350.mp3,The southern part of the county drains into the Canadian River.
The gate attendant simply scans the code displayed on the phone.,2,0,fifties,male,canada,en,,11,False,True,common_voice_en_21758325.mp3,The gate attendant simply scans the code displayed on the phone.
The Jewel Box cluster is one of the youngest known open clusters.,2,0,twenties,male,canada,en,,12,False,True,common_voice_en_23720119.mp3,The jewel box cluster is one of the youngest known open clusters.
"""The Rena Song"" was dedicated to John Petrucci's wife Rena Sands Petrucci.",2,0,fourties,male,canada,en,,12,False,True,common_voice_en_20212198.mp3,"The renaissance was dedicated to john Petrucci, his wife renaissance Petrucci."
Mark Abshire soon joined as the band's original bassist.,2,0,twenties,male,canada,en,,9,False,True,common_voice_en_18880409.mp3,Mark Hampshire soon joined as the band's original bassist.
He was the center's first paid staff member.,2,0,twenties,male,canada,en,,8,False,True,common_voice_en_18880434.mp3,He was the center's first paid staff member.
The urge to write short stories is rare.,2,0,thirties,male,canada,en,,8,False,True,common_voice_en_15733997.mp3,The urge to read short stories is rare.
When are we leaving for the party?,2,0,teens,male,canada,en,,7,False,True,common_voice_en_17909038.mp3,When are we leaving for the party?
This battle between companies is defended on both sides.,2,0,thirties,male,canada,en,,9,False,True,common_voice_en_22450047.mp3,This battle between companies is defended on both sides.
"Pecock was probably born in Wales and was educated at Oriel College, Oxford.",2,0,twenties,female,canada,en,,13,False,True,common_voice_en_22732064.mp3,"Peacock was probably born in Wales and educated at Oriel College, Oxford."
There he begins to discover things for himself and to rebel against his father.,2,0,twenties,male,canada,en,,14,False,True,common_voice_en_22400377.mp3,There he begins to discover things for himself and to rebel against his father.
Pet sitters monitor a number of different animals.,3,0,teens,male,canada,en,,8,False,True,common_voice_en_19697120.mp3,Pet sitters monitor a number of different animals.
"""I'm going to guide you across the desert,"" the alchemist said.",3,0,fifties,female,canada,en,,11,False,True,common_voice_en_101107.mp3,"I'm going to guide you across the desert, the alchemist said."
"In this case, an agency adds a service fee to the net price.",2,0,teens,female,canada,en,,13,False,True,common_voice_en_19996880.mp3,"In this case, an agency adds a service fee to the net price."
The Formoso High School mascot was Formoso Falcons.,2,1,twenties,male,canada,en,,8,False,True,common_voice_en_22093418.mp3,The Formoso High School mascot was Formoso falcons.
Nabu's cult spread to ancient Egypt.,2,0,twenties,male,canada,en,,6,False,True,common_voice_en_20236100.mp3,Nah booze cult spread to ancient Egypt.
The design of the present flag incorporates the elements from the two former flags.,2,0,twenties,male,canada,en,,14,False,True,common_voice_en_23720198.mp3,The design of the present flag incorporates the elements from the two former flags.
The Baraboo River flows through the city.,2,1,fourties,female,canada,en,,7,False,True,common_voice_en_20238716.mp3,Caribou River flows through the city.
"Generally, the institute opposes tax increases, such as Hawaii's General Excise Tax.",2,0,fourties,male,canada,en,,12,False,True,common_voice_en_22169758.mp3,"Generally, the institute proposes tax increases such as Hawaii's General Excise Tax."
Smoke poured out of every crack.,2,0,sixties,male,canada,en,,6,False,True,common_voice_en_17147386.mp3,Smoke poured out of every crack.
Let's go Hiking across France.,2,1,twenties,male,canada,en,,5,False,True,common_voice_en_143209.mp3,Let's go hiking across France.
Most acetic acid is prepared by this method.,2,1,fourties,male,canada,en,,8,False,True,common_voice_en_22169757.mp3,Most acetic acid is prepared by this method.
"More public commissions followed, including the statue of James Larkin on Dublin's O'Connell Street.",2,1,twenties,male,canada,en,,14,False,True,common_voice_en_20501378.mp3,"More public commissions followed, including the statue of James Larkin on Dublin's O'Connell Street."
"A comet came within miles of the Earth, it almost obliterated the moon.",2,0,twenties,other,canada,en,,13,False,True,common_voice_en_17265793.mp3,A comment came within miles of the Earth it's almost obliterated the Moon.
Burley is a residential area.,2,0,twenties,male,canada,en,,5,False,True,common_voice_en_23797829.mp3,Burleigh is a residential area.
Investigations performed by the police could find no explanation for the phenomenon.,2,0,fifties,female,canada,en,,12,False,True,common_voice_en_19694692.mp3,Investigations performed by the police could find no explanation for the phenomenon.
"Darling, could you grab me some throat candy down at the local chemist?",2,0,fifties,male,canada,en,,13,False,True,common_voice_en_17261288.mp3,Darling could you grab me some throat candy down at the local chemist?
"Why doesn't he do it, why isn't he doing it?",2,0,thirties,male,canada,en,,10,False,True,common_voice_en_20847440.mp3,Why doesn't he do it Why isn't he doing it?
Acute uric acid nephropathy is associated with little or no urine output.,2,0,sixties,male,canada,en,,12,False,True,common_voice_en_19669556.mp3,ACUTE uric acid nephew apathy is associated with little or no urine output.
I learnt so much from them and made some great friends.,2,0,teens,female,england,en,,11,False,True,common_voice_en_20872057.mp3,I learned so much from them and made some great friends.
Actions of the President must be approved by the Commission.,3,0,fifties,male,england,en,,10,False,True,common_voice_en_19677873.mp3,Actions of the President must be approved by the commission.
"""Bodhi"" means ""awakening"" or ""enlightenment"".",2,0,twenties,male,england,en,,5,False,True,common_voice_en_19612307.mp3,Body means awakening or enlightenment.
"For passing the general bridge, you had to pay.",2,0,thirties,male,england,en,,9,False,True,common_voice_en_17728045.mp3,The general breed you need to pay.
Did you really think it through?,2,0,sixties,male,england,en,,6,False,True,common_voice_en_17401437.mp3,Did You really Think It through?
Beach parking is subject to Sauvie Island Wildlife Area parking permits.,2,0,twenties,male,england,en,,11,False,True,common_voice_en_19061389.mp3,Beach parking is subject to solve the island Wildlife Area parking permits.
"Is that a translation, or merely a transliteration?",2,0,thirties,male,england,en,,8,False,True,common_voice_en_18400466.mp3,Is that a translation or merely a transliteration?
"The C++ framework Qt is pronounced like ""cute"".",2,0,teens,male,england,en,,8,False,True,common_voice_en_17266880.mp3,The C plus plus framework cutie is pronounced like cute.
Godzilla smashes a tower that has a self-destruct button that makes the island unstable.,2,0,thirties,female,england,en,,14,False,True,common_voice_en_20726398.mp3,Godzilla smash is a tower that has a self destruct button that makes the island unstable.
It is no use crying over spilt milk.,2,0,fourties,male,england,en,,8,False,True,common_voice_en_17830225.mp3,"Yeah, it's no use crying over spilt milk."
"Neron offers, as he has to many supervillains before, to augment Shade's power.",2,0,twenties,male,england,en,,13,False,True,common_voice_en_18810142.mp3,Near and offers as he has too many super villains before to augment shades power.
"The second of nine children, both of his parents were practicing Catholics.",3,0,thirties,female,england,en,,12,False,True,common_voice_en_18774563.mp3,"The second of nine Children, both of his parents were practicing Catholics."
"Liturgically, the church accepts the creeds of the Evangelical Lutheran church.",2,0,thirties,female,england,en,,11,False,True,common_voice_en_23794157.mp3,Mhm Little magically the church accepts the creed of the Evangelical Lutheran Church Yeah.
"It initially consisted of the county of Northumberland, excluding the township of Monaghan South.",2,0,twenties,male,england,en,,14,False,True,common_voice_en_19840580.mp3,"It essentially consisted of the country of North and billing, excluding the township of monogamy itself."
This lamp is quite nice.,2,0,thirties,male,england,en,,5,False,True,common_voice_en_18133815.mp3,This lamp is quite nice.
More recently each of these groups tends to be treated as a separate subclass.,2,0,twenties,male,england,en,,14,False,True,common_voice_en_23378504.mp3,"More recently, each of these groups tends to be treated as a separate subclass."
A brown leather bag hung from its strap.,2,0,thirties,male,england,en,,8,False,True,common_voice_en_17245817.mp3,Brown is a bag and from its trap.
"Artist Vik Muniz used skywriting for his ""cloud cloud"" project.",2,0,twenties,male,england,en,,10,False,True,common_voice_en_19624455.mp3,Artist fake Mooney's use skywriting for his Cloud Cloud project.
They were on the right track.,2,1,sixties,female,england,en,,6,False,True,common_voice_en_153674.mp3,They were on the right track.
"One particularly rigorous aspect of studio classes is the ""critique"" or ""review.",2,0,twenties,male,england,en,,12,False,True,common_voice_en_19646795.mp3,One particularly rigorous aspect of studio classes is to critique or review.
I arose obediently and went down the beach.,2,0,fourties,male,england,en,,8,False,True,common_voice_en_18414452.mp3,I arose obediently and went down the beach.
This was later adapted by the Army.,2,1,,other,england,en,,7,False,True,common_voice_en_18945564.mp3,This was later adopted by the Army.
He was later expelled by the Sarawak government due to failure to repay debt.,2,1,twenties,male,england,en,,14,False,True,common_voice_en_23354713.mp3,He was later expelled by the Sarah Walk government due to failure to repay debt.
"In quantum mechanics, the Fubini-Study metric is also known as the Bures metric.",2,0,twenties,male,england,en,,13,False,True,common_voice_en_23660440.mp3,"The quantum mechanics, the cube in each study metric, is also known as the poorest metric."
There is no wheelchair access to the platform.,2,0,twenties,female,england,en,,8,False,True,common_voice_en_20149531.mp3,There is no wheelchair access to the platform.
I have no time to waste.,2,0,twenties,male,england,en,,6,False,True,common_voice_en_18606573.mp3,I have no time to waste.
These were sold through Christian bookstores and related outlets.,2,0,twenties,female,england,en,,9,False,True,common_voice_en_22021740.mp3,These were sold through christian bookstores and related outlets.
Get Katherine at the Bulletin on the phone!,2,0,twenties,male,england,en,,8,False,True,common_voice_en_174956.mp3,Get Catherine at the bulletin on the phone.
"Injury-prone in college, this continued as he sat out his rookie season.",2,0,twenties,male,england,en,,12,False,True,common_voice_en_22153672.mp3,Injury prone in college discontinued as he set out his rookie season.
Did she solve the riddle all by herself?,2,0,twenties,male,england,en,,8,False,True,common_voice_en_217979.mp3,Did she solve the riddle all by herself?
The format would soon evolve to Rhythmic Oldies under program director Rick Thomas.,2,0,thirties,male,england,en,,13,False,True,common_voice_en_19741834.mp3,The format would soon evolve to rhythmic all this under program director Rick thomas.
Policemen are investigating in this case.,3,0,thirties,female,england,en,,6,False,True,common_voice_en_214805.mp3,Policemen are investigating in this case.
"The battle resulted in immense casualties, one of whom was Ras Marye.",2,0,twenties,male,england,en,,12,False,True,common_voice_en_21400020.mp3,"The battle resulted in immense casualties, one of whom was rosemary."
In the Palatine Anthology it is said that they established lyric song.,2,1,fourties,male,england,en,,12,False,True,common_voice_en_20252419.mp3,And the politan anthology it is said that they established lyrics sunk.
Among these movements was Zionism as promoted by Theodore Herzl.,2,0,twenties,other,england,en,,10,False,True,common_voice_en_20989616.mp3,Among these movements with zionism as promoted by Theodore Hertzel.
A deputy representative,2,0,thirties,male,england,en,,3,False,True,common_voice_en_12724466.mp3,A Deputy Representative.
The general topography of the province is characterized by uplifted plantation surfaces.,2,0,teens,male,england,en,,12,False,True,common_voice_en_20230377.mp3,The general topography of the province is characterized by uplifted plantation services.
This is also a pragmatic view adopted by a number of scholars.,2,0,thirties,male,england,en,,12,False,True,common_voice_en_21359215.mp3,This is also a pragmatic view adopted by a number of scholars.
As well as at least four unnamed family plots.,2,0,twenties,female,england,en,,9,False,True,common_voice_en_20175145.mp3,As well as at least four unnamed family plots.
Most broadcasts are only a few minutes to a few hours at a time.,2,1,twenties,female,england,en,,14,False,True,common_voice_en_19017444.mp3,Most broadcasts are only a few minutes to a few hours at a time.
"No roads were ever built, and no earthworks or materials were ever bought.",2,0,thirties,male,england,en,,13,False,True,common_voice_en_18993276.mp3,No roads were ever built and no earthworks or materials were ever bought.
"‘I dare say it will,’ replied his friend dryly.",2,0,fifties,male,england,en,,9,False,True,common_voice_en_19638712.mp3,Identity It will reply to his friend dr Lee.
"In continental Europe, ""Letters"" proved equally popular.",2,0,twenties,male,england,en,,7,False,True,common_voice_en_19653084.mp3,In continental europe letters proved equally popular.
A soundtrack was released by Universal Music Group.,2,0,thirties,male,england,en,,8,False,True,common_voice_en_20179040.mp3,A soundtrack was released by Universal Music Group.
He's a fanatic.,3,0,fifties,female,england,en,,3,False,True,common_voice_en_142201.mp3,He's a fanatic.
That would be funny if he did.,2,0,thirties,male,england,en,,7,False,True,common_voice_en_18165270.mp3,That would be funny if he did.
Where'd you get it?,2,0,seventies,male,england,en,,4,False,True,common_voice_en_107507.mp3,Where do you get it?
Fans of Johnny Mathis can thank Mr. Livingston for All The Time among others.,2,0,sixties,male,england,en,,14,False,True,common_voice_en_20313133.mp3,"Fans of johnny Mathis can thank mr Livingston for all the time, among others."
I lost them last Thursday.,2,0,fourties,male,england,en,,5,False,True,common_voice_en_18128676.mp3,I lost the last thursday.
The city inherits a very rich culture.,2,0,twenties,male,england,en,,7,False,True,common_voice_en_23378201.mp3,The city inherits a very rich culture.
Dances are often accompanied by the contrabass or the guitar.,2,0,thirties,male,england,en,,10,False,True,common_voice_en_19753210.mp3,Dancers are often accompanied by the contra bass or the guitar.
The integer arithmetic instructions use the integer operate instruction formats.,2,0,twenties,male,england,en,,10,False,True,common_voice_en_22058527.mp3,The integer arithmetic instructions use the integer operate instruction formats.
Sliced cabanossi is also a popular pizza topping.,2,0,thirties,male,england,en,,8,False,True,common_voice_en_21655964.mp3,Sliced Carbon Ozzy is also a popular pizza topping.
She lives the same life still?,2,0,twenties,male,england,en,,6,False,True,common_voice_en_18606766.mp3,She lives the same life still.
Precipitation is well distributed throughout the year.,2,0,fourties,male,england,en,,7,False,True,common_voice_en_23734086.mp3,Precipitation is well distributed throughout the year.
Many of his outdoor nudes were painted there.,2,0,thirties,male,england,en,,8,False,True,common_voice_en_21419594.mp3,Many of his outdoor nudes were painted there.
That's why I want you to continue toward your goal.,2,1,thirties,male,england,en,,10,False,True,common_voice_en_155752.mp3,That's why I want you to continue towards your goal.
"Three armed tribesmen approached, and asked what the boy and the alchemist were doing there.",3,0,twenties,male,england,en,,15,False,True,common_voice_en_221058.mp3,Three armed tribesmen approached and asked what the boy and the alchemist were doing there.
So how will we name all these hurricanes?,3,1,twenties,male,england,en,,8,False,True,common_voice_en_153111.mp3,So how will we name all these hurricanes?
"In the country of the blind, the one-eyed man is king.",2,0,sixties,male,england,en,,11,False,True,common_voice_en_18247065.mp3,"In the country of the blind, the one eyed Man is King."
"Elsewhere, the track was elevated - frequently over long distances - on timber pilings.",2,0,thirties,male,england,en,,14,False,True,common_voice_en_19953873.mp3,"Elsewhere, the track was elevated frequently over long distances on timber pilings."
He carried two dead hawks over his shoulder.,3,0,teens,male,england,en,,8,False,True,common_voice_en_103233.mp3,He carried two dead hawks over his shoulder.
The progressive format did not last at that station.,2,1,twenties,female,england,en,,9,False,True,common_voice_en_22015002.mp3,The progressive format did not last at that station.
The district is centered on Huntington Beach.,2,0,twenties,male,england,en,,7,False,True,common_voice_en_19090338.mp3,The district is centered on Huntington Beach.
The economy of Asakura is primarily based on agriculture.,2,0,twenties,female,england,en,,9,False,True,common_voice_en_19062865.mp3,The economy of Asakura is primarily based on agriculture.
"What is it, dear?",2,0,teens,male,england,en,,4,False,True,common_voice_en_17266990.mp3,What Does It Do?
Did he recede from his position?,2,1,sixties,male,england,en,,6,False,True,common_voice_en_18466177.mp3,Did he received from his position?
"A line that is decreasing has a negative ""rise"".",2,0,fourties,male,ireland,en,,9,False,True,common_voice_en_18721552.mp3,A line that is decreasing has a negative rise okay.
The character is usually depicted as an enemy of the X-Men.,2,0,fifties,female,ireland,en,,11,False,True,common_voice_en_21224864.mp3,The character is usually depicted as an enemy of the X men.
I'm sorry it's impossible.,2,0,thirties,male,ireland,en,,4,False,True,common_voice_en_178647.mp3,"I'm sorry, it's impossible."
There ain't any more.,2,0,thirties,male,ireland,en,,4,False,True,common_voice_en_178689.mp3,There Ain't any More.
Gran Canaria has roads encircling the whole island and extending into the mountain areas.,3,0,fourties,male,ireland,en,,14,False,True,common_voice_en_20150272.mp3,Grand Canaria has road encircling the whole island and extending into the mountain areas.
The Imperial Army imposed strict censorship.,2,1,thirties,male,ireland,en,,6,False,True,common_voice_en_19944007.mp3,The Imperial Army imposed strict censorship.
It's all about dates.,2,0,fifties,female,ireland,en,,4,False,True,common_voice_en_21101413.mp3,It's all about dates.
My stupor can scarcely have lasted beyond a few seconds.,2,0,fifties,female,ireland,en,,10,False,True,common_voice_en_21224752.mp3,My stupor can scarcely have lasted beyond a few seconds.
The chair lift took them up the mountain.,3,0,thirties,male,ireland,en,,8,False,True,common_voice_en_179080.mp3,The chairlift took them up the mountain.
"Gordon no longer mentions bootlaces, and the two engines soon talk about trucks.",2,0,thirties,male,ireland,en,,13,False,True,common_voice_en_22538758.mp3,Gordon no longer mentions boot laces and the two engines soon talk about trucks.
They say it's a fake!,2,0,thirties,male,ireland,en,,5,False,True,common_voice_en_178722.mp3,They say it's a fake.
Agriculture is the main economic activity.,2,1,twenties,female,ireland,en,,6,False,True,common_voice_en_19674018.mp3,Agriculture is the main economic activity.
Where did you find that apple?,2,0,twenties,male,ireland,en,,6,False,True,common_voice_en_17252662.mp3,Where Did you find that Apple?
"You will bring these persons before me, this afternoon.",3,0,twenties,male,ireland,en,,9,False,True,common_voice_en_19665853.mp3,You will bring these persons performing this afternoon.
I'm literally a flying pony.,2,0,twenties,male,ireland,en,,5,False,True,common_voice_en_18212861.mp3,I'm literally a flying pony.
A symphony.,2,0,fourties,male,ireland,en,,2,False,True,common_voice_en_18121610.mp3,A Symphony.
The northern boundary of the parish is marked by the River Went.,2,1,twenties,female,ireland,en,,12,False,True,common_voice_en_23765268.mp3,The northern boundary of the parish is marked by the River Want.
These were suitable for engaging fast torpedo boats.,2,1,fourties,male,ireland,en,,8,False,True,common_voice_en_19777401.mp3,These were suitable for engaging fast torpedo boats.
The capital of the present date nation state of Akyem Bosome is Akyem Swedru.,2,1,fifties,female,ireland,en,,14,False,True,common_voice_en_20870824.mp3,The capital of the present date Nation state of a key um bozo May is a key um swear drew Mhm.
What would you say about that?,2,0,thirties,male,ireland,en,,6,False,True,common_voice_en_178814.mp3,Mhm. What would you say about that?
The thaw came early and freed the stream.,2,0,fifties,female,ireland,en,,8,False,True,common_voice_en_17790012.mp3,The thal came early and freed the stream.
"Other writers included W. H. Boulton, Melva Purkis, and Harry Whittaker among many others.",2,0,fourties,female,ireland,en,,14,False,True,common_voice_en_19260808.mp3,"Other writers included Wh bolton, Melvin Purpose and Harry Whitaker among many others."
Part of this was also attributed to a downturn in the telecommunications sector.,2,0,fourties,male,ireland,en,,13,False,True,common_voice_en_18712946.mp3,Part of this was also attributed to a downturn in the telecommunications sector.
Its editor-in-chief is Mohamed A. F. Noor.,2,0,twenties,male,ireland,en,,7,False,True,common_voice_en_19265400.mp3,Its editor in chief is Mohammed a f North.
Foxes are uncommon where I'm from.,2,0,fourties,male,ireland,en,,6,False,True,common_voice_en_18121401.mp3,Foxes are uncommon where I'm from.
"It was there that she met her fellow student, Henry Moore.",2,0,fourties,male,ireland,en,,11,False,True,common_voice_en_19769312.mp3,It was there that she met her fellow student Henry moore.
And the alchemist understood that the boy's heart had returned to the Soul of the World.,3,0,thirties,male,ireland,en,,16,False,True,common_voice_en_205348.mp3,And the alchemists understood that the boy's heart had returned to the soul of the world.
"""Don't you think that's being rather immodest?"" the lawyer replied.",3,0,fifties,female,ireland,en,,10,False,True,common_voice_en_19646658.mp3,"Don't you think that's being rather modest, the lawyer replied."
He developed several improvements in railroad signalling system that increased railway safety.,2,0,fourties,female,ireland,en,,12,False,True,common_voice_en_19260807.mp3,He developed several improvements in railroad signaling system that increased railway safety.
Some of the restaurants continued to be privately owned by Aoki.,2,0,fourties,male,ireland,en,,11,False,True,common_voice_en_19789288.mp3,Some of the restaurants continue to be privately owned by Okay.
"Although oil has been discovered near Fannett, the town's population has remained small.",2,0,fourties,male,ireland,en,,13,False,True,common_voice_en_20120109.mp3,"Although oil has been discovered near Fanis, the town's population has remained small."
Aldosterone is largely responsible for the long-term regulation of blood pressure.,2,0,twenties,male,ireland,en,,11,False,True,common_voice_en_20287592.mp3,AL dust alone is largely responsible for the long term regulation of blood pressure.
"It was not clear who had the right of way, since the traffic lights were off.",2,0,thirties,male,ireland,en,,16,False,True,common_voice_en_179052.mp3,It was not clear who had the right of way since the traffic lights were off.
"So, are you planning to order a taxi?",2,0,fifties,female,ireland,en,,8,False,True,common_voice_en_17790038.mp3,So are you planning to order a taxi?
Pete Bodenheimer and Slava Zatchuny also contributed to set development.,2,0,fifties,female,ireland,en,,10,False,True,common_voice_en_21101868.mp3,Pete Bodenheimer and Slava's Adjani also contributed to set development.
There are many spoons.,2,0,fifties,male,ireland,en,,4,False,True,common_voice_en_210816.mp3,There are many spoons.
"Ruse was named after James Ruse, known as Australia's first farmer.",2,0,fifties,female,ireland,en,,11,False,True,common_voice_en_21101018.mp3,Ruse was named after James Ruse known as Australia's 1st Farmer.
"Woman in white sweater, holding a drink, talking to man in jacket.",2,0,fourties,male,ireland,en,,12,False,True,common_voice_en_202198.mp3,"MM Woman in white sweater holding a drink, talking to man in jacket."
I'm feeling a little tipsy.,2,0,twenties,male,ireland,en,,5,False,True,common_voice_en_15752515.mp3,I'm feeling a little tipsy.
Then there was the campaign.,2,0,teens,male,ireland,en,,5,False,True,common_voice_en_18330135.mp3,Then there was the campaign.
The process of encrypting the hash value of a message is called digital signature.,2,0,fifties,male,ireland,en,,14,False,True,common_voice_en_210810.mp3,The process of encrypting the hash value of a message is called digital signature.
Sulzberger was married three times.,2,0,thirties,male,ireland,en,,5,False,True,common_voice_en_22538759.mp3,Sulzberger was married three times.
Tranquillity is the first duty of citizens,2,0,thirties,male,ireland,en,,7,False,True,common_voice_en_137795.mp3,Tranquility is the first duty of citizens.
Peter finally surrenders when an American missile is pointed at him.,2,0,twenties,male,ireland,en,,11,False,True,common_voice_en_19265335.mp3,Peter finally surrenders when an american missiles pointed at him.
'Under Construction' is simply translated to 'super fun playground'.,2,1,thirties,male,ireland,en,,9,False,True,common_voice_en_178908.mp3,Mhm under construction is simply translated to superfund playground.
"Other top-ten hits include, ""Pineapple Princess"", ""Let's Get Together"" and more.",2,0,thirties,male,ireland,en,,11,False,True,common_voice_en_22123935.mp3,"Other top 10 hits include Pineapple, Princess Let's get together and more."
The Philadelphia Eagles signed him out of Grand Valley State University.,2,0,fifties,female,ireland,en,,11,False,True,common_voice_en_20713189.mp3,The philadelphia Eagles signed him out of Grand Valley State University.
"College in Bangalore, India.",2,1,twenties,male,ireland,en,,4,False,True,common_voice_en_19666054.mp3,College in Bangalore India.
"However, his filament had low resistance, thus needing heavy copper wires to supply it.",2,0,fifties,female,ireland,en,,14,False,True,common_voice_en_21101104.mp3,"However, his filament had low resistance, thus needing heavy copper wires to supply it."
"The Czech educator Comenius based his work ""Janua linguarum reserata"" on this text.",2,0,fifties,female,ireland,en,,13,False,True,common_voice_en_20713037.mp3,The Czech educator Armenia's based his work Januvia in guar um misurata on this text.
"All species of sifakas are threatened, ranging from vulnerable to critically endangered.",2,0,twenties,male,ireland,en,,12,False,True,common_voice_en_19763501.mp3,All species of Safa qasar threatened ranging from vulnerable to critically endangered.
These products appeal to the masses and encourage conformity to the consumers.,2,0,fourties,female,ireland,en,,12,False,True,common_voice_en_18713112.mp3,These products appeal to the masses and encourage conformity to the consumers.
"Being a peninsula, the sea has long been vital to Gibraltar's transport links.",2,0,fifties,female,ireland,en,,13,False,True,common_voice_en_21101015.mp3,"Being a peninsula, the sea has long been vital to Gibraltar's transport links."
The city also hosts a number of National and International Ice Speedway events.,2,0,fourties,male,ireland,en,,13,False,True,common_voice_en_18721495.mp3,"Right, the city also hosts a number of national and international ice speedway events."
"The founding members were: Alexander, Avoniel, Cliftonville, Distillery, Knock, Moyola Park and Oldpark.",2,0,fourties,male,ireland,en,,13,False,True,common_voice_en_18712978.mp3,"The founding members were alexander von l Cliftonville Distillery, knock my Eola Park and Old Park."
What's it all about?,2,1,thirties,male,ireland,en,,4,False,True,common_voice_en_137782.mp3,What's it all about?
Why are we doing this again?,2,0,teens,male,ireland,en,,6,False,True,common_voice_en_17355285.mp3,Why are we doing this again?
"Japanese culture is incredibly addictive, their buildings look amazing.",2,0,twenties,male,newzealand,en,,9,False,True,common_voice_en_18034125.mp3,"Japanese culture is incredibly addictive, their buildings look amazing."
Thereby the matter has been deprived of practical significance or rendered purely academic.,2,0,thirties,male,newzealand,en,,13,False,True,common_voice_en_21203250.mp3,Thereby the matter has been deprived of practical significance or rendered purely academic.
Mrs. Gardner said she thought he put several women together to create the character.,2,0,twenties,female,newzealand,en,,14,False,True,common_voice_en_22749688.mp3,mrs Gardner said she thought he put several women together to create the character.
The cake will be ready in seventeen minutes.,2,0,fourties,male,newzealand,en,,8,False,True,common_voice_en_11820530.mp3,The cake will be ready in 17 minutes.
Contributions gratefully received,2,0,fourties,male,newzealand,en,,3,False,True,common_voice_en_18460368.mp3,Contributions gratefully received.
"I'm a detective, not an economist. ",2,1,twenties,male,newzealand,en,,7,False,True,common_voice_en_17693201.mp3,I'm a Detective not a Communist.
Lucas also served as the Associate Artistic Director.,2,0,sixties,male,newzealand,en,,8,False,True,common_voice_en_20029446.mp3,Lucas also served as the Associate artistic Director.
What do you associate with Iceland?,2,0,fourties,male,newzealand,en,,6,False,True,common_voice_en_11351964.mp3,What do you associate with Iceland?
"Phil, will you take a stance on this matter?",2,1,twenties,male,newzealand,en,,9,False,True,common_voice_en_18066548.mp3,Phil will you take a stance on this matter?
That's comparing apples and oranges.,2,0,fourties,male,newzealand,en,,5,False,True,common_voice_en_17418035.mp3,Mhm. That's comparing apples and oranges.
"""What do you want here today?"" the desert asked him.",4,1,thirties,male,newzealand,en,,10,False,True,common_voice_en_127364.mp3,What do you want here today That is it asked him.
The marsh will freeze when cold enough.,2,0,fourties,male,newzealand,en,,7,False,True,common_voice_en_17454138.mp3,The marshal freeze been cold enough.
"However, his feelings towards the record were largely negative, leaving him depressed.",2,0,thirties,male,newzealand,en,,12,False,True,common_voice_en_22758618.mp3,"However, his feelings towards the record were largely negative, leaving him depressed."
"At the first glance, it was really not very exciting.",29,1,thirties,male,newzealand,en,,10,False,True,common_voice_en_1513.mp3,At first glance it was really not very exciting.
"It allowed users to create public chat rooms, send private messages, and use emoticons.",2,0,twenties,male,newzealand,en,,14,False,True,common_voice_en_22443828.mp3,"It allows users to create public chat rooms, send private messages and use emoticons."
Fuji District was dissolved as a result of this merger.,2,0,fifties,male,newzealand,en,,10,False,True,common_voice_en_18893834.mp3,Fuji District was dissolved as a result of this merger Okay.
Now his intuition was that he had been right in coming.,3,0,thirties,male,newzealand,en,,11,False,True,common_voice_en_127170.mp3,Now his intuition was that he had been right and coming.
She's absolutely cool about it.,2,1,thirties,male,newzealand,en,,5,False,True,common_voice_en_21209954.mp3,She's absolutely cool about it.
"Try to make eye contact with a stranger on the bus, and hold it for five seconds, without speaking.",2,0,fourties,male,newzealand,en,,19,False,True,common_voice_en_17248858.mp3,Try to make eye contact with a stranger on the bus and hold it for five seconds without speaking.
Bouchard served as opposition leader while Godbout remained leader of the Liberal Party.,2,0,seventies,male,newzealand,en,,13,False,True,common_voice_en_19852698.mp3,Bouchard served as opposition leader while God bought remained leader of the Liberal Party.
"If you don't have the suit, lay down any other card.",2,0,thirties,male,newzealand,en,,11,False,True,common_voice_en_19547602.mp3,If you don't have the suit lay down any other card Mhm.
Please make sure your recordings are not cut off.,2,0,fourties,male,newzealand,en,,9,False,True,common_voice_en_17369641.mp3,Please make sure your recordings are not cut off.
What else can I do?,2,1,twenties,male,newzealand,en,,5,False,True,common_voice_en_18033938.mp3,What else Can I do?
Is anything the matter?,2,0,twenties,male,newzealand,en,,4,False,True,common_voice_en_18066484.mp3,Is anything the matter?
Daqiqi was murdered by his favorite slave.,2,1,thirties,male,newzealand,en,,7,False,True,common_voice_en_19547558.mp3,That quickly was murdered by his favorite slave.
"""But there's a tribal war,"" the boy reiterated.",3,0,thirties,male,newzealand,en,,8,False,True,common_voice_en_127331.mp3,But there is a tribal or the boy reiterated.
"Khemri was originally called Nehekhara, of which Khemri was a major city.",2,0,thirties,male,newzealand,en,,12,False,True,common_voice_en_20168221.mp3,"kim Marie was surgery called nakata, of which Camry was a major city."
Other groups include the Christchurch Archery club and New Brighton long boarders club.,2,0,thirties,male,newzealand,en,,13,False,True,common_voice_en_20031188.mp3,Other groups include the Christchurch Archery Club and You brought It Long Borders Club.
Not to know how to sign one's name.,2,0,fourties,male,newzealand,en,,8,False,True,common_voice_en_17314174.mp3,Not to know how to sign 1's name.
"In the Late Carboniferous, tropical rainforests lay over the equator of Euramerica.",2,0,thirties,male,newzealand,en,,12,False,True,common_voice_en_20166622.mp3,In the late carboniferous tropical rainforests lay over the equator of your America.
How do you know it?,2,0,twenties,female,newzealand,en,,5,False,True,common_voice_en_17524531.mp3,How Do You know it?
"A wise man doesn't need advice, and a fool won't take it.",2,0,twenties,male,newzealand,en,,12,False,True,common_voice_en_18066515.mp3,A wise man doesn't need advice and a full won't take it.
"Hey, stop staring at my decollete!",2,1,fourties,male,newzealand,en,,6,False,True,common_voice_en_17248859.mp3,Hey stop staring at my dick olivier.
Agriculture was a very important achievement in human history.,2,0,fourties,male,newzealand,en,,9,False,True,common_voice_en_17488872.mp3,Agriculture was a very important achievement in human history.
The genus includes the important group of culinary herbs: marjoram and oregano.,2,0,thirties,male,newzealand,en,,12,False,True,common_voice_en_22758699.mp3,"The genus includes the important group of culinary herbs, marjoram and Oregon A."
The future has never been so bright than today.,2,1,fourties,male,newzealand,en,,9,False,True,common_voice_en_17509285.mp3,The future has never been so bright then today.
You must understand that love never keeps a man from pursuing his destiny.,3,0,thirties,male,newzealand,en,,13,False,True,common_voice_en_127362.mp3,You must understand that love never keeps a man from pursuing his destiny.
Do you notice the flickering of the neon lights?,2,0,fifties,male,newzealand,en,,9,False,True,common_voice_en_17246114.mp3,Do you notice the flickering of the neon lights?
"As the flag unfurled, they all hollered like wild beasts.",3,1,fourties,male,newzealand,en,,10,False,True,common_voice_en_11254.mp3,"As the flag unfurled, they all heart like wild beasts."
And what is that?,2,0,fourties,male,newzealand,en,,4,False,True,common_voice_en_17253558.mp3,And What is That?
Global warming has occurred rapidly over the course of the past half-century.,2,0,thirties,male,newzealand,en,,12,False,True,common_voice_en_20177067.mp3,Global warming has occurred rapidly over the course of the past half century.
There is a thin line between love and hate.,2,0,fourties,male,newzealand,en,,9,False,True,common_voice_en_17376237.mp3,There is a thin line between love and hate.
Hunger is good mustard — the best sauce,2,0,fourties,male,newzealand,en,,8,False,True,common_voice_en_12566778.mp3,"Yeah, Hunger is good Mustard the best source."
"As they watched the waves crashing into each other, Alice thought of home.",2,0,fourties,male,newzealand,en,,13,False,True,common_voice_en_17249564.mp3,"As they watched the waves crashing into each other, Alice Thought of Home Yeah!"
"Amy was the daughter of the vicar of Saint Stephen's Church, Spring Street, Hull.",2,0,fifties,male,newzealand,en,,14,False,True,common_voice_en_18890753.mp3,"Yeah, Amy was the daughter of the figure of ST Stephen's church, Spring Street, Hull yeah."
A pod is what peas always grow in.,2,0,fourties,male,newzealand,en,,8,False,True,common_voice_en_17376246.mp3,The pod is what peas always grow in.
This coat is fur-lined.,2,0,fourties,male,newzealand,en,,4,False,True,common_voice_en_17407334.mp3,This coat is fur lined.
How old are you?,2,0,fourties,male,newzealand,en,,4,False,True,common_voice_en_17289600.mp3,How old are You?
Mono has released nine studio albums.,2,0,thirties,male,newzealand,en,,6,False,True,common_voice_en_21209796.mp3,Mono has released nine studio albums.
"Grime, rust and residual particles polluted the air.",2,0,fourties,male,newzealand,en,,8,False,True,common_voice_en_17253570.mp3,Grime rust and residual particles polluted the air.
"Anton, a Santa Fe railroad executive.",2,0,thirties,male,newzealand,en,,6,False,True,common_voice_en_20284799.mp3,Yeah Anton a santa fe railroad Executive.
Do you understand what it means?,2,0,twenties,male,newzealand,en,,6,False,True,common_voice_en_18034138.mp3,Do you understand what it means?
I retrieved the crop with a pallet jack.,2,0,fourties,male,newzealand,en,,8,False,True,common_voice_en_17412635.mp3,I. Retrieved the crop with a pallet jack.
Traditional corps drum majors are effective showmen who command the corps in all venues.,2,1,thirties,male,newzealand,en,,14,False,True,common_voice_en_21206781.mp3,Traditional cause drum majors are effective showman who command the Cause and all venues.
"The word ""Aurinko"" means ""The Sun"" in Finnish.",2,0,thirties,male,newzealand,en,,8,False,True,common_voice_en_20031190.mp3,The word al Rinker means the sun and finish yeah.
Silence gives consent.,2,1,fourties,male,newzealand,en,,3,False,True,common_voice_en_17369592.mp3,Silence gives consent.
I thought we'd already agreed that we couldn't risk that information falling into his hands.,2,0,twenties,male,newzealand,en,,15,False,True,common_voice_en_17285567.mp3,I thought we'd already agreed that we couldn't risk that information falling into his hands.
I think that is all.,2,0,fourties,male,newzealand,en,,5,False,True,common_voice_en_16624487.mp3,I think that is all.
The sun awning was printed with the respective country flags.,2,0,thirties,male,newzealand,en,,10,False,True,common_voice_en_20166747.mp3,The sun awning was printed with the respective country flags.
"Yesterday, I asked my doctor for a new prescription.",2,0,fourties,male,newzealand,en,,9,False,True,common_voice_en_11351651.mp3,"Yeah, yesterday I asked my doctor for a new prescription."
However it was an international success.,2,0,thirties,male,newzealand,en,,6,False,True,common_voice_en_19547443.mp3,"However, it was an international success."
"What is it, boss?",2,0,twenties,male,newzealand,en,,4,False,True,common_voice_en_18033985.mp3,What Is It Boss?
Can I have one of those?,2,0,fourties,male,newzealand,en,,6,False,True,common_voice_en_115779.mp3,Can I have one of those?
You don’t like him?,2,0,fourties,male,newzealand,en,,4,False,True,common_voice_en_11351573.mp3,Christmas you don't like him.
The papers of William Miller are preserved in the archives at Aurora University.,2,0,thirties,male,newzealand,en,,13,False,True,common_voice_en_20031921.mp3,The papers of William Miller are preserved in the archives at Aurora University.
A cloud of dust stung his tender eyes.,2,0,fourties,male,newzealand,en,,8,False,True,common_voice_en_17394025.mp3,A cloud of dust stung his tender eyes.
"One would receive a sharp wound from it, but there is no pain.",2,0,thirties,male,newzealand,en,,13,False,True,common_voice_en_19547711.mp3,"one would receive a sharp wind from it, but there is no pain."
"Oh man, I think I got friend-zoned once again.",2,0,fourties,male,newzealand,en,,9,False,True,common_voice_en_17289467.mp3,"Yeah man, I think I got friend zoned once again."
Warming centers typically open during particularly cold or rainy nights.,2,0,fifties,male,newzealand,en,,10,False,True,common_voice_en_18893592.mp3,Warming centres typically open during particularly cold or rainy nights.
The new law prohibits smoking in public transportation systems.,2,0,thirties,male,newzealand,en,,9,False,True,common_voice_en_17284218.mp3,The new little prohibit smoking and public transportation systems.
The bill will need to be re-introduced in order to be considered again.,2,0,seventies,male,newzealand,en,,13,False,True,common_voice_en_19853491.mp3,The bill will need to be reintroduced in order to be considered again.
The bright lanterns were gay on the dark lawn.,2,0,fourties,male,newzealand,en,,9,False,True,common_voice_en_17375676.mp3,The bright lanterns were gay on the dark lawn.
See the player scoot to third base.,2,1,fourties,male,newzealand,en,,7,False,True,common_voice_en_11820795.mp3,See the player Scoot to 3rd Base.
"Mutes little instruments on the bridge of the violin, deadening the sound.",2,0,fourties,male,newzealand,en,,12,False,True,common_voice_en_16623999.mp3,Mutes little instruments on the bridge of the violin didn't mean the sound.
"After graduation, he returned home to Arizona, where he began his law practice.",2,0,fifties,male,newzealand,en,,13,False,True,common_voice_en_18906287.mp3,"After graduation he returned home to Arizona, where he began a straw practice."
"Well, we shall see.",2,0,fourties,male,newzealand,en,,4,False,True,common_voice_en_17249524.mp3,"Well, we shall see."
"In frustration and anger, the son lashes out, knocking his father to the ground.",2,0,fourties,female,scotland,en,,14,False,True,common_voice_en_20170426.mp3,"The frustration and, and uh, your sunglasses as like a father to the ground."
Evins was a powerful figure in Congress.,2,0,fourties,female,scotland,en,,7,False,True,common_voice_en_19858895.mp3,He was a kind of figure in your beds.
Soon a dye was added to the liquid.,2,0,fourties,female,scotland,en,,8,False,True,common_voice_en_19593195.mp3,Still and I was added to the liquid.
Rothmans has been involved in a number of lawsuits in Canada.,3,0,fourties,male,scotland,en,,11,False,True,common_voice_en_19794762.mp3,Okay Rothmans has been involved in a number of lawsuits in Canada.
We can describe the object's movement with a differential equation of second order.,2,1,fourties,female,scotland,en,,13,False,True,common_voice_en_18019178.mp3,Mhm We can just grab the artist movement with they will show the question of second order.
"Lately, he has adopted a more casual dress code.",2,0,fourties,female,scotland,en,,9,False,True,common_voice_en_19859109.mp3,"Lately he has adopted a podcast, a dress code."
Some famous supermarket chains are located outside Newarthill.,2,1,fourties,male,scotland,en,,8,False,True,common_voice_en_22448486.mp3,Some famous supermarket chains are located outside new york Hill.
Why does this tyrannosaurus rex feel sticky?,2,1,fourties,female,scotland,en,,7,False,True,common_voice_en_18263613.mp3,Why does the china sauce packs feel sticky?
"In such a way, temporary failures have less impact on the communication quality.",2,0,fourties,female,scotland,en,,13,False,True,common_voice_en_20782002.mp3,The saturated temporary fellows are upstairs with packed on the compression quality.
Don't say those things!,2,0,thirties,male,scotland,en,,4,False,True,common_voice_en_198884.mp3,Don't see Those things.
Then he bent once more over the woman.,2,0,fourties,female,scotland,en,,8,False,True,common_voice_en_18620730.mp3,Then he bet first more over the woman.
Wandana Primary School is on Cowra Avenue.,2,0,fourties,male,scotland,en,,7,False,True,common_voice_en_21692334.mp3,When Donna Primary School is on Kyra Avenue.
"A Hufflepuff prefect, he shows a notable streak of modesty and fairness.",2,0,twenties,male,scotland,en,,12,False,True,common_voice_en_19598826.mp3,"A half Cup of Prefect, he shows a notable streak of modesty in fairness."
"The track ""The Supermarket Strikes Back"" is a riposte to ""Barcode Bypass"" from ""Loss"".",2,1,fourties,female,scotland,en,,14,False,True,common_voice_en_19530419.mp3,The track the supermarket starts back with crossed T fuck of bypass and loss.
"The original community of the institute is headquartered in Monroe, Michigan.",2,0,fourties,male,scotland,en,,11,False,True,common_voice_en_22238303.mp3,The original community of the institute's headquarter in one row of Michigan.
Shuttlesworth stuck with the Riders and called Kennedy.,2,0,fourties,female,scotland,en,,8,False,True,common_voice_en_19411153.mp3,Hello slash stock with the virus I called paladin yeah.
He decided to concentrate on more practical matters.,2,1,fourties,male,scotland,en,,8,False,True,common_voice_en_106457.mp3,He decided to concentrate on more practical matters.
Energy levels due to impurities deeper in the bandgap are called deep levels.,2,0,twenties,male,scotland,en,,13,False,True,common_voice_en_23815830.mp3,Energy levels due to impurities deeper in the band gap are called deep levels.
Her magical specialty is blowing things up.,2,1,fourties,male,scotland,en,,7,False,True,common_voice_en_21692191.mp3,Her magical specialty is blowing things up.
"On a few occasions, the B-side became the more popular song.",2,0,fourties,female,scotland,en,,11,False,True,common_voice_en_20112886.mp3,On a big occasions the best cyber capable popular song.
You'd better take it easy.,2,0,twenties,male,scotland,en,,5,False,True,common_voice_en_141144.mp3,You better take it easy.
He was born at Dunedin.,2,1,fourties,female,scotland,en,,5,False,True,common_voice_en_19846142.mp3,Just Call on taliban.
I was about to mount the stairs.,2,0,fourties,female,scotland,en,,7,False,True,common_voice_en_18651702.mp3,I was about to about the stairs.
"He later reported A few months later, Charles Sullivan got himself killed.",2,1,fourties,female,scotland,en,,12,False,True,common_voice_en_19817244.mp3,"He let a report a few months later, Just Sovereign got himself killed."
Betterton Beach is located at the foot of Main Street.,2,0,fourties,female,scotland,en,,10,False,True,common_voice_en_20379322.mp3,The latter beach is located at the foot of Men's Great.
The State of Virginia banned swimming along the coast.,2,0,fourties,female,scotland,en,,9,False,True,common_voice_en_20644615.mp3,"You speak out Virginia, that is for me a lot of codes."
It is located in the north-western part of Taguig City.,2,0,fourties,female,scotland,en,,10,False,True,common_voice_en_20757720.mp3,You just look here in the North to step up our University.
But having lived with it for a while it sounds much better.,2,1,fourties,female,scotland,en,,12,False,True,common_voice_en_20379353.mp3,But I don't think the dead but a but it sounds much better.
"The district has three staffed offices in Hammond, South Bend and Fort Wayne.",2,1,fourties,male,scotland,en,,13,False,True,common_voice_en_22314806.mp3,"The district had three staffed offices in Hammond, South Bend and four Trina."
He was a member of the Board of the German Marshall Fund.,2,0,fourties,male,scotland,en,,12,False,True,common_voice_en_23765980.mp3,He was a member of the board of the German Marshall Fund.
Your head does not ache.,2,0,fourties,female,scotland,en,,5,False,True,common_voice_en_19576243.mp3,Your head does not take yeah.
"After Jimmy realises the harm Bush has caused, he calls off the fight.",2,0,fourties,female,scotland,en,,13,False,True,common_voice_en_19794489.mp3,"I thought jimmy, lots of the harm, much like cars because of the fight."
It's the strap hangers that'll keep us from going under.,2,0,teens,male,scotland,en,,10,False,True,common_voice_en_18315407.mp3,It's the strap hangers that will keep us from going under.
"No, my Lady, I've seen him!",2,0,fourties,female,scotland,en,,6,False,True,common_voice_en_18586876.mp3,"No, my lady, I'm telling him."
Tangier is not like the rest of Africa.,3,0,teens,other,scotland,en,,8,False,True,common_voice_en_196033.mp3,10 years not like the rest of Africa.
Temperature and vegetation of these habitats are likely to be altered by Climate Change.,2,1,fourties,female,scotland,en,,14,False,True,common_voice_en_20665475.mp3,Temperature advocation of the sub tax allow it to be after by planet change.
The patrol consisted almost entirely of lifeguard duty and mine destruction.,2,1,fourties,female,scotland,en,,11,False,True,common_voice_en_20103455.mp3,The patrick thomas is dead almost entirely of that guy's duty and like construction.
The door closed.,2,0,fourties,female,scotland,en,,3,False,True,common_voice_en_18333597.mp3,The dog clothes.
"If I gave it up now, my wife would leave me.",2,0,fourties,male,scotland,en,,11,False,True,common_voice_en_21692180.mp3,"If I give it up now, my wife would lead me."
The saga indicates that the Norwegians were divided into two groups.,2,0,twenties,male,scotland,en,,11,False,True,common_voice_en_23820156.mp3,The Saga indicates that the Norwegians were divided into two groups.
"After Lucy, Phil Collen went on to the band Tush.",2,0,fourties,female,scotland,en,,10,False,True,common_voice_en_20112691.mp3,After lucY been calling My Time to the Bank Touch.
"Despite the popularity, Aucas has never won an Ecuadorian championship.",2,1,fourties,female,scotland,en,,10,False,True,common_voice_en_20170497.mp3,"Okay, that's part of publicity all cars has never got over the World Championship Yeah."
"""But I'm going to Egypt,"" the boy said.",3,0,teens,other,scotland,en,,8,False,True,common_voice_en_196040.mp3,"But I'm going to Egypt, the boy said."
Theft of food and money has become much more common.,2,1,fourties,female,scotland,en,,10,False,True,common_voice_en_20655582.mp3,Checked out food I really have become much more common.
"It was designed by Tei's long-time collaborator designing team, Tycoon Graphics for Graphickers.",3,1,fourties,male,scotland,en,,13,False,True,common_voice_en_22474530.mp3,"It was designed by ties, longtime collaborator designing team tycoon graphics for traffickers."
"It has numerous thorns, long.",2,0,fourties,male,scotland,en,,5,False,True,common_voice_en_19820737.mp3,It has numerous thorns long.
Their abrupt disappearance marks the boundary between the Lower and the Middle Cambrian.,2,1,fourties,female,scotland,en,,13,False,True,common_voice_en_19870995.mp3,There are also disappear you're smart battery which don't lower the physic cabin.
"Crookston now lies just within Glasgow's present-day boundary with Ralston, Renfrewshire.",2,1,fourties,female,scotland,en,,11,False,True,common_voice_en_19729857.mp3,Got it Kristen nine lives just spending Haskell specific Bradley Boston real share.
Eventually banks grew suspicious in London and Saward decided to try his luck elsewhere.,2,0,fourties,female,scotland,en,,14,False,True,common_voice_en_19893470.mp3,Have actually fast growing suspicions in London and someone to start the charges stuck elsewhere.
The larger issue of denominational school funding remains extremely controversial in the province.,2,0,fifties,female,scotland,en,,13,False,True,common_voice_en_19779814.mp3,The larger issue of denominational school funding remains extremely controversial in the products.
To speak of his death so regardlessly wounded her feelings.,2,0,twenties,male,scotland,en,,10,False,True,common_voice_en_23803612.mp3,"To speak of his death, so regardless, lee wounded her feelings."
"It offers education in the areas of the sciences, business studies and modern studies.",2,1,fourties,female,scotland,en,,14,False,True,common_voice_en_20743390.mp3,"Of the Various Sciences, Business Studies A Lot of Studies."
"During the scene in Mr. Renard's hotel room, a bellhop brings him a newspaper.",2,0,twenties,male,scotland,en,,14,False,True,common_voice_en_23815710.mp3,"During the scene in mr Renard's hotel room, a bellhop brings him a newspaper."
This did not make him popular with the more conservative wing of the party.,2,1,fourties,female,scotland,en,,14,False,True,common_voice_en_20730614.mp3,This directive popular with the North because of bacon with another party.
"Following her recommissioning, ""Vammen"" underwent her regularly scheduled overhaul at the Todd Shipyard.",2,0,teens,male,scotland,en,,13,False,True,common_voice_en_19766146.mp3,"Following her recognition, Ng famine underwent her regularly scheduled overhaul at the Todd shipyard."
She was replaced at Discovery by John Ford.,2,1,fourties,female,scotland,en,,8,False,True,common_voice_en_18874049.mp3,"She was displaced, I just go away by job board."
When she's with Brian she loves him.,2,0,fourties,female,scotland,en,,7,False,True,common_voice_en_20170443.mp3,"Just with Right, she loves him."
Thus my conjectures get more and more support.,2,1,fourties,female,scotland,en,,8,False,True,common_voice_en_18594331.mp3,That's my protectors get more a full support.
"""The Mehri Language of Oman"".",2,0,fourties,female,scotland,en,,5,False,True,common_voice_en_19439770.mp3,The relevant language of Oman.
This means that potassium ions can no longer diffuse out of the cell.,2,0,fourties,male,scotland,en,,13,False,True,common_voice_en_21858130.mp3,This means that potassium ions can no longer diffuse out of the cell.
"In banking, value date is the delivery date of funds traded.",2,0,fourties,female,scotland,en,,11,False,True,common_voice_en_19817866.mp3,"In banking, but it take a terrible deck of bus credit Mhm."
Reid afterward described Ambrose as the best prime minister Canada never had.,2,0,fourties,male,scotland,en,,12,False,True,common_voice_en_19810294.mp3,Read afterwards described Ambrose as the best prime minister Canada never had.
"His rooms were on staircase C, First Court, and known as the 'Q-bicle'.",2,0,fifties,male,scotland,en,,13,False,True,common_voice_en_19646773.mp3,"His rooms were on staircase, see 1st court and known as the cubicle."
Mission planners were unaware of the existence of the trailers.,2,0,twenties,male,scotland,en,,10,False,True,common_voice_en_23803250.mp3,Mission planners were unaware of the existence of the trailers.
The waters are fine for kayaking and sailing.,2,0,twenties,male,scotland,en,,8,False,True,common_voice_en_23803225.mp3,The waters are fine for kayaking and sailing.
The villains are mostly ex-crooks who wants that area of the bridge for themselves.,2,1,twenties,male,scotland,en,,14,False,True,common_voice_en_23801768.mp3,The villains are mostly ex crooks who want that area of the bridge for themselves.
"At a dance festival, the Duke experiences various dreams.",2,0,fourties,male,scotland,en,,9,False,True,common_voice_en_22474517.mp3,At a dance festival in peak experiences various dreams.
He currently teaches at Aish HaTorah College of Jewish Studies.,2,0,fourties,female,scotland,en,,10,False,True,common_voice_en_20139229.mp3,We Kill it teaches Aish Hatorah College cure stories.
Aero Continente competed with these airlines by offering extremely low ticket fares.,2,1,fourties,female,scotland,en,,12,False,True,common_voice_en_20112398.mp3,L. Opportunity competing these airlines are offered a doll to give bears.
The victory failed to live up to Napoleon's expectations.,2,0,sixties,female,us,en,,9,False,True,common_voice_en_22956489.mp3,Victory failed to live up to napoleon's expectations.
The governor of Breisach was bribed to transfer the fortress to France.,2,0,thirties,male,us,en,,12,False,True,common_voice_en_22782853.mp3,The Governor of Research was bribed to transfer the fortress to France.
"After retiring, Dihigo became a radio announcer for the Cuban Winter League.",2,0,twenties,female,us,en,,12,False,True,common_voice_en_21876544.mp3,"After retiring, the Hugo became a radio announcer for the Cuban Winter League."
How long have you been experiencing these symptoms?,2,0,twenties,other,us,en,,8,False,True,common_voice_en_17283180.mp3,How long have you been experiencing these symptoms?
The horror show starts off with a pyrotechnic stage show complete with actors.,2,0,fifties,male,us,en,,13,False,True,common_voice_en_19676110.mp3,"The horror show starts off with a pyrotechnic stage show, complete with actors."
‘How do you know I’m mad?’ said Alice.,2,1,thirties,male,us,en,,8,False,True,common_voice_en_18642330.mp3,"How do You know I'm Mad, said Alice."
But the lead fell considerably in the following day's polls.,2,0,twenties,female,us,en,,10,False,True,common_voice_en_20106002.mp3,"But the lead fell considerably in the following days, polls."
The starting blocks consist of two adjustable footplates attached to a rigid frame.,2,0,teens,male,us,en,,13,False,True,common_voice_en_21467255.mp3,The starting blocks consist of two adjustable foot plates attached to a rigid frame.
"He also made the front cover of ""Sports Illustrated"" following his five-game winning streak.",2,0,twenties,male,us,en,,14,False,True,common_voice_en_19676045.mp3,He also made the front cover of sports illustrated following his five game winning streak.
"Two days later, operations from ""Theseus"" ended.",2,0,twenties,female,us,en,,7,False,True,common_voice_en_19463757.mp3,"And two days later, operations from thesis ended."
The bark of the pine tree was shiny and dark.,2,0,thirties,female,us,en,,10,False,True,common_voice_en_17779685.mp3,The bark of the pine tree was shiny and dark.
Onslaught was assaulted by the Avengers before he could pick up Thor's hammer.,2,0,twenties,male,us,en,,13,False,True,common_voice_en_20212898.mp3,Onslaught was assaulted by the Avengers before he could pick up the words Hammer.
"One of the names provided is ""Yule-beings"".",2,0,fourties,male,us,en,,7,False,True,common_voice_en_23780248.mp3,One of the names provided is you'll beings.
Go now and come here later.,3,0,twenties,male,us,en,,6,False,True,common_voice_en_1858127.mp3,Go Now and Come Here Later.
It is useful for investigating the effects of irradiation on high temperature superconductors.,2,0,twenties,male,us,en,,13,False,True,common_voice_en_19511657.mp3,It is useful for investigating the effects of irradiation on high temperature superconductors.
"Shapiro was later replaced by Rolf Barnes, though he later rejoined the group.",2,0,twenties,male,us,en,,13,False,True,common_voice_en_19009502.mp3,"Shapiro was later replaced by ralph Barnes, though he later rejoined the group."
What else can I do?,2,0,fourties,male,us,en,,5,False,True,common_voice_en_17271943.mp3,What else Can I do?
"The ""ultra accelerator"" injection gives Derrick the power he needs to change the past.",2,1,fifties,female,us,en,,14,False,True,common_voice_en_19687171.mp3,The ultra accelerator injection gives Derek the power he needs to change the past Yeah.
My guardian said directly he would go too.,2,0,thirties,male,us,en,,8,False,True,common_voice_en_18582599.mp3,My Guardian said directly he would go to.
There are successful robot designs mating the two technologies.,2,0,thirties,male,us,en,,9,False,True,common_voice_en_22758113.mp3,There are successful robot designs mating the two technologies.
The girl at the booth sold fifty bonds.,2,0,twenties,female,us,en,,8,False,True,common_voice_en_111931.mp3,The girl at the Booth sold 50 bonds.
Basehead has received praise for its distinctive sound and lyrics.,2,0,sixties,female,us,en,,10,False,True,common_voice_en_18940209.mp3,Face Head has received praise for its distinctive sound and lyrics.
He designed the first school and the church in the colony.,2,0,fifties,male,us,en,,11,False,True,common_voice_en_19640568.mp3,He designed the first school and the church in the colony.
The railway station was locked up by the police.,2,1,twenties,male,us,en,,9,False,True,common_voice_en_105799.mp3,The railway station was locked up by the police.
Only Sun customers with paid support contracts have access to updates for production releases.,2,0,thirties,male,us,en,,14,False,True,common_voice_en_19349711.mp3,Only son customers with paid support contracts have access to updates for production releases.
The Luck School District serves the village.,2,0,fourties,female,us,en,,7,False,True,common_voice_en_20287741.mp3,The Luck School District serves the village.
Does that imply I can no longer play badminton?,2,0,twenties,male,us,en,,9,False,True,common_voice_en_17248185.mp3,Does that imply I can no longer play badminton?
"He attended Doctor Morgan's Grammar School, Bridgwater where he met Kim Newman.",2,0,sixties,male,us,en,,12,False,True,common_voice_en_18752363.mp3,"He attended dr morgan's Grammar School, Bridgewater, where he met kim Newman."
"According to Emily Harper, I hear mixed opinions from the fans.",2,0,twenties,male,us,en,,11,False,True,common_voice_en_20971183.mp3,"According to Emily harper, I hear mixed opinions from the fans."
Albert Einstein was a German physicist who developed the Theory of Relativity.,2,0,fourties,male,us,en,,12,False,True,common_voice_en_17887508.mp3,Albert Einstein was a german physicist who developed the theory of relativity.
"Rich here, poor hereafter.",2,0,twenties,male,us,en,,4,False,True,common_voice_en_17390910.mp3,Rich here Poor hereafter.
What has he done?,2,0,twenties,male,us,en,,4,False,True,common_voice_en_17725281.mp3,What Has He done?
William Randolph Hearst appointed Alice Maud Head initially as assistant editor.,2,0,twenties,male,us,en,,11,False,True,common_voice_en_20919386.mp3,"William Randolph Hard appointed Alice Morehead, initially as assistant editor."
"You can lead a horse to water, but you can't make him drink.",2,0,twenties,male,us,en,,13,False,True,common_voice_en_17265953.mp3,You can lead a horse to water but you can't make him drink.
It is also illegal in many parts of Europe to declaw a cat.,2,0,twenties,male,us,en,,13,False,True,common_voice_en_20970003.mp3,It is also illegal in many parts of europe to declawed Cat Yeah.
"Horror, in contrast, ""freezes and nearly annihilates them"" with its unambiguous displays of atrocity.",2,1,teens,male,us,en,,14,False,True,common_voice_en_22748830.mp3,"Horror, in contrast, freezes and nearly annihilates them with this unambiguous displays of atrocity."
"The main parks are Alvaston Park, Keldholme Lane Park and Kiwi Park.",2,0,twenties,male,us,en,,12,False,True,common_voice_en_21256484.mp3,"The main parks are Galveston Park, Killed, Home Lane Park and Kiwi Park."
"Laurel, New Jersey.",2,0,twenties,male,us,en,,3,False,True,common_voice_en_19066810.mp3,Laurel new Jersey.
"It's a long way to Tipperary, it's a long way to go!",2,1,,male,us,en,,12,False,True,common_voice_en_17249946.mp3,"It's a long way to Tipperary, it's a long way to go."
We spoke often.,2,0,thirties,male,us,en,,3,False,True,common_voice_en_18522034.mp3,We spoke often.
"DeRosa was born in Passaic, New Jersey.",2,0,twenties,other,us,en,,7,False,True,common_voice_en_18815984.mp3,"De Rosa was born in Passaic, New jersey."
A somewhat disjunct population is found in the Eastern Ghats.,3,0,twenties,male,us,en,,10,False,True,common_voice_en_22085337.mp3,A somewhat disjunctive population is found in the Eastern Ghats.
"Today, however, its seven volumes are generally considered to be a single novel.",2,0,twenties,male,us,en,,13,False,True,common_voice_en_20068567.mp3,"Today, however, it's seven volumes are generally considered to be a single novel."
I sped to work.,2,0,twenties,male,us,en,,4,False,True,common_voice_en_17731243.mp3,I sped to work.
Blue roofs can provide a number of benefits depending on design.,2,0,sixties,male,us,en,,11,False,True,common_voice_en_18799881.mp3,Blue roofs can provide a number of benefits depending on design.
Improving the public transport system would help avoid traffic jams.,3,0,fourties,male,us,en,,10,False,True,common_voice_en_164988.mp3,Improving the public transport system would help avoid traffic gems.
How are you?,2,0,fourties,male,us,en,,3,False,True,common_voice_en_165000.mp3,How are You?
With distinctly separated sounds.,2,0,thirties,male,us,en,,4,False,True,common_voice_en_17847125.mp3,With distinctly separated sounds.
"When you hear the bell, come quickly.",2,0,thirties,male,us,en,,7,False,True,common_voice_en_16665829.mp3,When you hear the bell come quickly.
They may be read as texts in a variety of ways.,2,0,sixties,male,us,en,,11,False,True,common_voice_en_19500490.mp3,They may be read as texts in a variety of ways.
His brother Marc is also a former professional footballer.,2,0,twenties,male,us,en,,9,False,True,common_voice_en_20150345.mp3,His brother Mark is also a former professional footballer.
"The genus name is derived from Ancient Greek ""melas"", ""black"", and ""netta"", ""duck"".",2,0,sixties,male,us,en,,13,False,True,common_voice_en_20704603.mp3,"The genus name is derived from ancient greek, Medalis, black and Netta Duck."
"Aluminium hydroxide is sometimes mistakenly called ""alum"", which properly refers to aluminium potassium sulfate.",2,0,twenties,female,us,en,,14,False,True,common_voice_en_20827577.mp3,"Alimony and hydroxide is sometimes mistakenly called alum, which properly refers to aluminum potassium sulfate."
This is the expected or preferred direction of the angular random variables.,3,0,twenties,female,us,en,,12,False,True,common_voice_en_20219197.mp3,This is the expected or preferred direction of the angular random variables.
"That guy over there likes to drink a lot, talk a lot, but do nothing.",2,0,twenties,male,us,en,,15,False,True,common_voice_en_17289148.mp3,"That guy over there likes to drink a lot, talk a lot, but do nothing."
No ground effect train has entered regular commercial service.,2,0,fifties,female,us,en,,9,False,True,common_voice_en_19989612.mp3,No ground Effect train has entered regular commercial service.
"After the election, a Coalition government was formed by the Conservative and Liberal members.",2,0,twenties,male,us,en,,14,False,True,common_voice_en_21740047.mp3,"After the election, a coalition government was formed by the Conservative and Liberal members."
The osmosis between art and life is amazing.,2,0,teens,female,us,en,,8,False,True,common_voice_en_23621630.mp3,The osmosis between art and life is amazing.
Saint George's College was founded by the Josephites as a boys' boarding school.,2,0,teens,female,us,en,,13,False,True,common_voice_en_23729833.mp3,ST George's College was founded by the joseph fights as a boy's boarding school.
"The park is located in the Pilbara region, and is mostly tropical semi-arid climate.",2,0,twenties,male,us,en,,14,False,True,common_voice_en_19131319.mp3,MM The park is located in the Pilbara region and is mostly tropical semi arid climate.
Her hair flowed down her back.,3,0,fourties,male,us,en,,6,False,True,common_voice_en_164400.mp3,Her hair flowed down her back.
They live in Ockley in south Surrey.,2,0,sixties,female,us,en,,7,False,True,common_voice_en_19374617.mp3,They live in Oxley in South Surrey.
Virgil Earp took Holliday's walking stick.,2,0,twenties,male,us,en,,6,False,True,common_voice_en_18804504.mp3,Virgil Herb took holidays walking stick.
"He continues Every place I have tried it, it grows with no work.",2,0,twenties,female,us,en,,13,False,True,common_voice_en_19671958.mp3,"He continues every place I have tried it, it grows with no work."
"While earning his degree in physical education, Bugel was an all-conference guard and linebacker.",2,0,twenties,female,wales,en,,14,False,True,common_voice_en_18725466.mp3,"While earning his degree in physical education, Bugle was an All Conference Garden linebacker."
"Lobeck was born at Naumburg, in the Electorate of Saxony.",2,0,teens,male,wales,en,,10,False,True,common_voice_en_19005836.mp3,The beck was born at Nuremberg in the electorate of saxony.
This reflects a prevailing tension between legal unilateralism and multilateralism.,2,0,fourties,female,wales,en,,10,False,True,common_voice_en_19059278.mp3,This reflects a prevailing tension between legal unilateralism and multilateralism.
The insight was critical in developing the modern science of solid mechanics.,2,0,teens,male,wales,en,,12,False,True,common_voice_en_19005838.mp3,The insight was critical in developing the modern science of solid mechanics.
Miss Darcy's praise occupied the chief of it.,2,1,teens,male,wales,en,,8,False,True,common_voice_en_18995663.mp3,mr Darcy's praise occupied the chief of it.
There are several camping locations throughout Litchfield.,2,0,twenties,female,wales,en,,7,False,True,common_voice_en_19654246.mp3,There are several camping locations throughout Leach Field.
"For that reason, many marquetarians have switched to fret or scroll saw techniques.",2,0,fourties,female,wales,en,,13,False,True,common_voice_en_19059320.mp3,"For that reason, many market terrians have switched to fret or scroll saw techniques."
India Blue are the current champions.,2,0,teens,male,wales,en,,6,False,True,common_voice_en_18998721.mp3,India Blue of the Current Champions.
Let me know by the thirteenth.,2,0,thirties,male,wales,en,,6,False,True,common_voice_en_17940430.mp3,Let me know by the 13th.
Some operators manage these challenges by purchasing extra buses.,2,0,fourties,female,wales,en,,9,False,True,common_voice_en_19073081.mp3,Some operators manage these challenges by purchasing extra buses.
The biological systems matrix includes enhancements for extended plant life and crop maturation.,2,0,twenties,female,wales,en,,13,False,True,common_voice_en_19654165.mp3,The Biological Systems Matrix includes enhancements for extended plant life and cropped maceration.
"For Brandom, beliefs pertain to concepts: without the latter there can be no former.",2,0,teens,male,wales,en,,14,False,True,common_voice_en_20005769.mp3,"For brand, um leaves pertain to concepts without the latter, there can be no former."
One of these days is tomorrow.,3,0,twenties,male,wales,en,,6,False,True,common_voice_en_136366.mp3,one of these days is tomorrow.
Two years later Marie L. Wadley became the first president of the museum.,2,1,twenties,male,wales,en,,13,False,True,common_voice_en_19670623.mp3,"two years later, Mary Elle Wobbly became the first president of the museum."
"His father, Owen, was executed as a traitor.",2,0,twenties,male,wales,en,,8,False,True,common_voice_en_18827255.mp3,"His father Owen, was executed as a traitor."
The mountain pass at the top of the canyon is known as Parley's Summit.,2,0,sixties,other,wales,en,,14,False,True,common_voice_en_18712607.mp3,The mountain pass at the top of the canyon is known as parleys Summit.
Lucy's a newspaper woman.,2,0,twenties,male,wales,en,,4,False,True,common_voice_en_136339.mp3,LUCY is a newspaper woman.
High overhead a heron floated.,2,0,sixties,female,wales,en,,5,False,True,common_voice_en_22243022.mp3,High Overhead A Heaven 40.
"This pepperoni tastes off, she said.",2,0,twenties,male,wales,en,,6,False,True,common_voice_en_136379.mp3,"This pepperoni tastes off, she said."
The engine will be sent via palletized delivery.,2,1,twenties,female,wales,en,,8,False,True,common_voice_en_18283868.mp3,The engine will be sent via politicized delivery.
The fumes from the traffic was unbearable.,2,1,twenties,male,wales,en,,7,False,True,common_voice_en_136372.mp3,The fumes from the traffic was unbearable.
"And, eventually, man will nourish your sands, where the game will once again flourish.",3,0,thirties,male,wales,en,,14,False,True,common_voice_en_165554.mp3,And eventually man will nourish your son's where the game will once again flourish.
The doctrinal basis contains what evangelicals perceive as the biblical foundations of Christianity.,2,0,sixties,female,wales,en,,13,False,True,common_voice_en_22293157.mp3,The doctrinal basis contains what evangelicals perceived as the biblical foundations of Christianity.
"Sylvia wrote, performed, and involved herself in various projects.",2,0,sixties,female,wales,en,,9,False,True,common_voice_en_22293250.mp3,"Sylvia wrote, performed and involved herself in various projects."
Another much-admired work of his was the campanile of the church of Santo Spirito.,2,0,fourties,female,wales,en,,14,False,True,common_voice_en_19073079.mp3,Another much admired work of his was the Campanile of the Church of Santo Spirito.
"Although it was a commercial failure, it inspired scientists and inventors around the world.",2,0,teens,male,wales,en,,14,False,True,common_voice_en_23468156.mp3,"Although it was a commercial failure, it inspired scientists and inventors around the world."
Welding also required fewer man-hours in construction.,2,0,fourties,female,wales,en,,7,False,True,common_voice_en_19059251.mp3,Welding also required fewer man hours in construction.
To err is human To forgive divine.,2,0,fourties,male,wales,en,,7,False,True,common_voice_en_17768477.mp3,To air is human to forgive divine.
"Despite the absence of a body, Goren strongly believes that Valerie is dead.",2,0,thirties,female,wales,en,,13,False,True,common_voice_en_19098582.mp3,"Despite the absence of a body, Goran strongly believes that Valerie is dead Mhm."
That's what makes it romantic.,2,0,seventies,male,wales,en,,5,False,True,common_voice_en_195599.mp3,That's what makes it romantic.
Court eunuchs could rise to positions of authority in the Empire.,2,1,twenties,male,wales,en,,11,False,True,common_voice_en_23497701.mp3,Court eunuchs could rise to positions of authority in the Empire.
Did you ever walk into this office.,2,0,twenties,male,wales,en,,7,False,True,common_voice_en_136345.mp3,Did you ever walk into this office?
"Tom Whitlock was born and raised in Springfield, Missouri.",2,1,twenties,female,wales,en,,9,False,True,common_voice_en_19653804.mp3,John Wick Locke was born and raised in Springfield Missouri.
The text of his speech at Ferris Hills can be found here.,2,0,twenties,male,wales,en,,12,False,True,common_voice_en_23497704.mp3,The text of his speech at ferris Hills can be found here.
And in this case we were wrong.,2,0,teens,male,wales,en,,7,False,True,common_voice_en_19419442.mp3,And in this case we were wrong.
These are not camels!,2,0,twenties,male,wales,en,,4,False,True,common_voice_en_136369.mp3,These are not camels.
Much Ado About Nothing,2,0,seventies,male,wales,en,,4,False,True,common_voice_en_195604.mp3,Much ado about nothing.
He slipped on the stairs.,2,0,seventies,male,wales,en,,5,False,True,common_voice_en_195601.mp3,Mhm. He slipped on the stairs.
"If a person is living out his destiny, he knows everything he needs to know.",3,1,twenties,male,wales,en,,15,False,True,common_voice_en_126424.mp3,"If a person is living ours destiny, he knows everything he needs to know."
I've seen guys like you go under before.,2,0,thirties,male,wales,en,,8,False,True,common_voice_en_176477.mp3,I've seen guys like you go Under before.
