provider,sentence,up_votes,down_votes,age,gender,accent,locale,segment,sentence_len,is_asian,us_eu,filename,transcript,confidence
Google,"At first they were considered ""Stegosaurus"" exemplars.",2,0,twenties,female,hongkong,en,,7,TRUE,FALSE,common_voice_en_22630065.mp3,at first they were considered stegosaurus exemplars,0.979757369
Google,The game contains many references to the Bible.,2,1,thirties,male,hongkong,en,,8,TRUE,FALSE,common_voice_en_20544026.mp3,the game contains many reference to the Bible,0.896109521
Google,Don’t be a fool!,2,0,fourties,male,hongkong,en,,4,TRUE,FALSE,common_voice_en_17787387.mp3,don't be a fool,0.983602643
Google,Prospect Hill's science offerings include physics.,2,0,twenties,male,hongkong,en,,6,TRUE,FALSE,common_voice_en_22969285.mp3,Prospect shoes signs offerings include music,0.796480894
Google,They have all four properties described above.,2,0,twenties,male,hongkong,en,,7,TRUE,FALSE,common_voice_en_22423410.mp3,they have all fall properties described as a boss,0.689021349
Google,You've got just ten minutes.,3,0,thirties,male,hongkong,en,,5,TRUE,FALSE,common_voice_en_17663.mp3,Jill Scott just 10 minutes,0.731345892
Google,It was cancelled early in its second season.,2,0,twenties,male,hongkong,en,,8,TRUE,FALSE,common_voice_en_21786381.mp3,it was canceled early in the second season,0.922614753
Google,"No, you cannot have that lollipop.",2,0,twenties,male,hongkong,en,,6,TRUE,FALSE,common_voice_en_17264229.mp3,no you cannot to have that lollipop,0.849383652
Google,"""You have plenty of courage, I am sure,"" answered Oz.",2,1,twenties,male,hongkong,en,,10,TRUE,FALSE,common_voice_en_18441981.mp3,you have plenty of Courage I'm sure I'm through results,0.727686763
Google,It has been so long since I have seen you!,2,0,fourties,male,hongkong,en,,10,TRUE,FALSE,common_voice_en_17816517.mp3,it has been so long since I have seen you,0.947401404
Google,"The team colours are blue, white and black.",2,0,twenties,male,hongkong,en,,8,TRUE,FALSE,common_voice_en_22257412.mp3,the team colors of blue white and black,0.912295818
Google,"He saw the cabs waiting, the people passing.",2,0,twenties,male,hongkong,en,,8,TRUE,FALSE,common_voice_en_20867349.mp3,you saw the cats mating the people passing,0.813994408
Google,This could be used as a protection when a tribune needed to arrest someone.,2,0,twenties,male,hongkong,en,,14,TRUE,FALSE,common_voice_en_20912992.mp3,this could be used as a protection when a Tribune needed to arrest someone,0.896421552
Google,"Complaints eventually became loud enough that they decided ""something"" had to be done.",2,0,twenties,male,hongkong,en,,13,TRUE,FALSE,common_voice_en_22355867.mp3,I'm glad you went 48 between law that something had to be done,0.723375082
Google,At the moment it doesn't provide a weekend news service.,2,0,twenties,male,hongkong,en,,10,TRUE,FALSE,common_voice_en_21786191.mp3,at the moment it doesn't provide a week and new service,0.824619889
Google,Don’t worry about me.,2,0,fourties,male,hongkong,en,,4,TRUE,FALSE,common_voice_en_17776615.mp3,don't worry about me,0.983161569
Google,They ask for approval without examination of the reason.,2,1,twenties,male,hongkong,en,,9,TRUE,FALSE,common_voice_en_22257423.mp3,they ask for approval without examination of the reason,0.847625911
Google,Goats always have a better view.,2,0,thirties,male,hongkong,en,,6,TRUE,FALSE,common_voice_en_17613.mp3,goats always have a bath of,0.714417219
Google,He left service with the rank of commander.,2,0,twenties,male,hongkong,en,,8,TRUE,FALSE,common_voice_en_22248437.mp3,aleph service with the rank of Commander,0.897692084
Google,Writing credits and songs' lengths are in accord with album's inner notes.,2,0,,,hongkong,en,,12,TRUE,FALSE,common_voice_en_22445724.mp3,writing credits and songs length in a code with album.,0.876377761
Google,It is one of seven state roads that travel through the city of Chicago.,2,0,twenties,male,hongkong,en,,14,TRUE,FALSE,common_voice_en_22257990.mp3,and this is one of seven State rose that travel through the city of Chicago,0.852541387
Google,A conservative.,2,1,fourties,male,hongkong,en,,2,TRUE,FALSE,common_voice_en_17799195.mp3,a conservative,0.897458196
Google,The organization was originally known as the Commandant's Warfighting Laboratory.,2,0,teens,male,hongkong,en,,10,TRUE,FALSE,common_voice_en_22177351.mp3,"the organization is orange Ali known as stew, Don's for fighting Laboratory",0.83384794
Google,"I haven't played around with that yet, but I'd love to hear if you have in the comments.",2,1,fourties,male,hongkong,en,,18,TRUE,FALSE,common_voice_en_219302.mp3,I haven't played around with that yet but I'd love to hear if you have in the comments,0.98096776
Google,"Also, when you play it live, it just kind of gets boring.",2,0,thirties,male,hongkong,en,,12,TRUE,FALSE,common_voice_en_22606561.mp3,oh so when you play your life it just kind of gets boring,0.819437385
Google,"It is long, and graded ""Very Difficult"".",2,0,teens,male,hongkong,en,,7,TRUE,FALSE,common_voice_en_18987958.mp3,it is long on the credit wire difficult,0.656272352
Google,William was naturally driven by this to oppose King Henry.,2,0,twenties,male,hongkong,en,,10,TRUE,FALSE,common_voice_en_22355775.mp3,medium what network do you mean by a Holstein hurry,0.641791284
Google,Where did you say this man worked?,2,0,fourties,male,hongkong,en,,7,TRUE,FALSE,common_voice_en_17808853.mp3,where did you say this man work,0.863206029
Google,His term as premier is regarded by historians as a failure.,2,0,twenties,male,hongkong,en,,11,TRUE,FALSE,common_voice_en_23377193.mp3,is time as camera is recorded by historian as a failure,0.843568265
Google,"Man proposes, God disposes.",2,1,twenties,male,hongkong,en,,4,TRUE,FALSE,common_voice_en_17247255.mp3,man proposes God disposes,0.984022379
Google,How could you even think that?,2,0,thirties,male,hongkong,en,,6,TRUE,FALSE,common_voice_en_214017.mp3,how could you even think that,0.98376745
Google,They have a black tail with white outer feathers.,2,1,twenties,male,hongkong,en,,9,TRUE,FALSE,common_voice_en_22257650.mp3,I have a black tail with white salt or feathers,0.840942204
Google,What do you think?,2,0,thirties,male,hongkong,en,,4,TRUE,FALSE,common_voice_en_214018.mp3,what do you think,0.982339025
Google,Harrison has since made periodic appearances on a recurring capacity.,2,0,twenties,female,hongkong,en,,10,TRUE,FALSE,common_voice_en_22630060.mp3,Harrison has been made periodic appearances on a recurring capacity,0.918194115
Google,The hottest month is July and the coldest is February.,2,0,thirties,male,hongkong,en,,10,TRUE,FALSE,common_voice_en_22449628.mp3,the hottest month is July in the coldest it's ever marry,0.893441737
Google,"Operating an engine in this area is known as ""redlining"".",2,1,twenties,female,hongkong,en,,10,TRUE,FALSE,common_voice_en_23239232.mp3,operating the engine in this area is known as redlining,0.970507145
Google,While the cats away the mice play.,2,1,fourties,male,hongkong,en,,7,TRUE,FALSE,common_voice_en_17782213.mp3,while the cat's away the mice play,0.955782413
Google,"The man looked up from his book and, noticing nothing newsworthy, returned his gaze to the page and continued reading.",2,0,fourties,male,hongkong,en,,20,TRUE,FALSE,common_voice_en_17776745.mp3,the man looked up from his book and noticing nothing newsworthy return his gaze to the page and continue reading,0.836934745
Google,Let's go to something!,2,1,thirties,female,hongkong,en,,4,TRUE,FALSE,common_voice_en_20751487.mp3,go to something,0.910769761
Google,Do as I say not as I do.,2,1,fourties,male,hongkong,en,,8,TRUE,FALSE,common_voice_en_17816539.mp3,do-as-i-say-not-as-i-do,0.987629056
Google,I need ten dollars.,2,0,thirties,male,hongkong,en,,4,TRUE,FALSE,common_voice_en_17620.mp3,dollars,0.954503894
Google,The nearest airfield is Bluefields Airport.,2,0,twenties,male,hongkong,en,,6,TRUE,FALSE,common_voice_en_22248809.mp3,the nearest airfield Airport,0.675536513
Google,To take a drop too much.,2,0,fourties,male,hongkong,en,,6,TRUE,FALSE,common_voice_en_17782890.mp3,take a drop too much,0.967158318
Google,That's got nothing to do with it!,3,0,thirties,male,hongkong,en,,7,TRUE,FALSE,common_voice_en_17618.mp3,that's got nothing to do with it,0.965045333
Google,It can be relieved by moving stock into shade.,2,0,twenties,male,hongkong,en,,9,TRUE,FALSE,common_voice_en_22423375.mp3,it can be relieved by moving stock into shade,0.94530648
Google,The album was inspired by his divorce from his ex-wife.,2,0,twenties,male,hongkong,en,,10,TRUE,FALSE,common_voice_en_22248762.mp3,the album was inspired by his divorce from his ex-wife,0.976118565
Google,They are not oppressed to the stem.,2,1,twenties,female,hongkong,en,,7,TRUE,FALSE,common_voice_en_22979095.mp3,do you know of Crest to the scene,0.67090106
Google,The Kagawong River consists of two parts.,2,0,,male,hongkong,en,,7,TRUE,FALSE,common_voice_en_22913020.mp3,the caca one week bro consists of two parts,0.594734907
Google,The Connecticut Wits eventually followed their interests in divergent directions.,2,1,,,hongkong,en,,10,TRUE,FALSE,common_voice_en_22445754.mp3,interested,0.801546454
Google,"Such individuals may be detained indefinitely in ""ankang"" centres.",2,0,twenties,female,hongkong,en,,9,TRUE,FALSE,common_voice_en_22940328.mp3,such individuals may be detained indefinitely in on Town centers,0.956037343
Google,Least Heat-Moon has Osage and European-American ancestry.,2,0,twenties,male,hongkong,en,,7,TRUE,FALSE,common_voice_en_21786276.mp3,least heat-moon sausage and European American ancestry,0.927789211
Google,"The industries most commonly affected are banking, manufacturing, and government.",2,0,twenties,male,hongkong,en,,10,TRUE,FALSE,common_voice_en_22248779.mp3,the industry's most commonly affected a banking manufacturing & Kaufman,0.85544312
Google,The pirates seized the crew of the lost ship.,2,0,fourties,male,hongkong,en,,9,TRUE,FALSE,common_voice_en_17799162.mp3,Papyrus sees the crew of Battleship,0.892622948
Google,My hamster turned my homework into bedding.,3,0,thirties,male,hongkong,en,,7,TRUE,FALSE,common_voice_en_17733.mp3,my hamster turned my homework into bedding,0.977225304
Google,"He mashed in the controller buttons, hoping for some extra speed.",3,1,thirties,male,hongkong,en,,11,TRUE,FALSE,common_voice_en_17709.mp3,he mastered in the controller buttons hoping for some extra speed,0.902497709
Google,They're on their way.,2,1,thirties,male,hongkong,en,,4,TRUE,FALSE,common_voice_en_17610.mp3,they're on their way,0.946773887
Google,The lure is used to catch trout and flounder.,2,0,fourties,male,hongkong,en,,9,TRUE,FALSE,common_voice_en_17787381.mp3,Dolores used to catch trout and Flounder,0.919847906
Google,Rabbit remains unswayed and returns home.,2,0,twenties,male,hongkong,en,,6,TRUE,FALSE,common_voice_en_22248403.mp3,rabbit we may stand Sway and returns home,0.679606855
Google,He affiliated himself with the Free Soil Party and was later a Republican.,2,0,twenties,female,hongkong,en,,13,TRUE,FALSE,common_voice_en_22630030.mp3,he Affiliated himself with the Free-Soil Party and was later a Republican,0.962535083
Google,Did you know that Nikola was going to join us?,2,0,twenties,male,hongkong,en,,10,TRUE,FALSE,common_voice_en_17264418.mp3,did you know that Nicola was going to join us,0.938067794
Google,The swan dive was far short of perfect.,2,0,fourties,male,hongkong,en,,8,TRUE,FALSE,common_voice_en_17776698.mp3,Swan Dive was fall short of perfect,0.881219864
Google,"This however, was his only attempt at Formula One.",2,0,twenties,male,hongkong,en,,9,TRUE,FALSE,common_voice_en_22248513.mp3,this however what is only attempt at Formula 1,0.795045376
Google,"Low-rate production would lead to type-classification, resulting in removing the ""X"" from its designation.",2,0,twenties,male,hongkong,en,,14,TRUE,FALSE,common_voice_en_22248431.mp3,low-wage potassium would lead to type of classification resulting in removing assassination,0.88463968
Google,The restoration also addressed decorative and environmental improvements to the building.,2,0,teens,male,hongkong,en,,11,TRUE,FALSE,common_voice_en_22224664.mp3,every story should also attract decorative and environmental improvements to the Buddha,0.923831284
Google,"All songs written by Peter Buck, Mike Mills, and Michael Stipe unless otherwise indicated.",2,0,twenties,male,hongkong,en,,14,TRUE,FALSE,common_voice_en_22400682.mp3,all songs written by Petersburg Mike Mills and microchips spit unless otherwise indicated,0.819835246
Google,The building has been designated by English Heritage as a Grade One listed building.,2,0,twenties,female,hongkong,en,,14,TRUE,FALSE,common_voice_en_22437940.mp3,the building has been decimated by English Heritage s grade one listed building,0.890699327
Google,"He played college football for the University of Florida, and earned All-American honors.",2,1,twenties,male,hongkong,en,,13,TRUE,FALSE,common_voice_en_22377282.mp3,we played flag football for the University of Florida,0.862712443
Google,The demand was scarce.,2,0,twenties,male,hongkong,en,,4,TRUE,FALSE,common_voice_en_23383935.mp3,Pokemon will stay good,0.556816101
Google,"In the same year, the United States Army built a telegraph station.",2,0,twenties,female,hongkong,en,,12,TRUE,FALSE,common_voice_en_22979093.mp3,in the same year to United States Army go to Telegraph station,0.866221011
Google,This is similar to what happens when humans breathe or drink through a straw.,2,0,twenties,male,hongkong,en,,14,TRUE,FALSE,common_voice_en_23802590.mp3,this is similar to what happens when humans we eat or drink through a straw,0.953141153
Google,"Historic mills were usually powered by water, wind or horse power.",2,1,twenties,male,hongkong,en,,11,TRUE,FALSE,common_voice_en_17737894.mp3,historic news where you sweep out the pie Waterway no house power,0.657856524
Google,Every Jack has his Jill.,2,0,twenties,male,hongkong,en,,5,TRUE,FALSE,common_voice_en_17737893.mp3,Happy Jack's have kissed you,0.526216686
Google,She began her career as an economist at the World Bank.,2,0,teens,male,hongkong,en,,11,TRUE,FALSE,common_voice_en_18978482.mp3,she began her career as I ignore Mist as a ward back,0.811061323
Google,He first gained notice as an assistant district attorney in Philadelphia.,2,0,,male,hongkong,en,,11,TRUE,FALSE,common_voice_en_22913085.mp3,he first gained notice as an assistant district attorney in Philadelphia,0.972359717
Google,Many retain their original window stickers.,2,0,twenties,male,hongkong,en,,6,TRUE,FALSE,common_voice_en_22355865.mp3,98 original window sticker,0.969024003
Google,The medal was worn on the upper right side of the chest.,2,0,twenties,male,hongkong,en,,12,TRUE,FALSE,common_voice_en_22423363.mp3,the Matawan on the upper right side of the chest,0.895693958
Google,Almost nothing is known about its characteristics.,2,0,twenties,female,hongkong,en,,7,TRUE,FALSE,common_voice_en_22437967.mp3,almost nothing is known about his characteristics,0.888293266
Google,It shall be done!,2,0,fourties,male,hongkong,en,,4,TRUE,FALSE,common_voice_en_17782881.mp3,it shall be done,0.967297733
Google,But I'm liable to get into a jam.,2,1,fourties,male,hongkong,en,,8,TRUE,FALSE,common_voice_en_219324.mp3,but I'm liable to get into a jam,0.987719059
Google,A later letter informs Watanabe that Naoko has killed herself.,3,2,twenties,male,hongkong,en,,10,TRUE,FALSE,common_voice_en_23383926.mp3,Olathe that sells informs waterbed that now go has killed herself,0.842063487
Google,It is owned by Concord Bicycle Music.,2,0,twenties,male,hongkong,en,,7,TRUE,FALSE,common_voice_en_21786688.mp3,it is owned by Concord bicycle music,0.970329106
Google,I have a headache and a sore throat.,2,0,fourties,male,hongkong,en,,8,TRUE,FALSE,common_voice_en_17776605.mp3,I have a headache and a sore throat,0.987628996
Google,Regional municipalities are found only in Southern Ontario.,2,1,twenties,male,hongkong,en,,8,TRUE,FALSE,common_voice_en_21786544.mp3,Legion of municipalities are only found in Southern Ontario,0.932379842
Google,"In a cinematic rope-down maneuver, the special forces overwhelmed the criminals.",2,0,fourties,male,hongkong,en,,11,TRUE,FALSE,common_voice_en_17787324.mp3,Anna cinematic rubdown maneuver the Special Forces overwhelmed the criminals,0.857478738
Google,The game is set in the world of Vikings and Norse mythology.,2,1,thirties,male,hongkong,en,,12,TRUE,FALSE,common_voice_en_22449613.mp3,the game is set in the world of Vikings in North mythology,0.98384279
Google,"Six days later, the station reopened with a temporary building.",2,0,twenties,male,hongkong,en,,10,TRUE,FALSE,common_voice_en_22257618.mp3,6 days later the station reopened a temporary building,0.880607367
Google,The greater number of strings offers almost endless possibilities.,2,0,,male,hongkong,en,,9,TRUE,FALSE,common_voice_en_22913432.mp3,the greater number of strings offers almost endless possibilities,0.953961611
Google,Saint Moling founded a monastery on the River Barrow.,2,1,twenties,male,hongkong,en,,9,TRUE,FALSE,common_voice_en_22248807.mp3,thank you morning found a monastery on the reefer power,0.856381059
Google,"Two seasons later, a second-placed finish saw them promoted back to the Premier Division.",2,0,twenties,female,hongkong,en,,14,TRUE,FALSE,common_voice_en_22967845.mp3,two seasons later a second-place finish Sergeant promoted back to the Premier Division,0.879147828
Google,The Pistons traded Hill to Orlando for Chucky Atkins and Ben Wallace.,2,0,twenties,female,hongkong,en,,12,TRUE,FALSE,common_voice_en_22940330.mp3,the Pistons traded Hill to Orlando for Chucky Atkins and Ben Wallace,0.950343609
Google,"Morris was born in Radcliffe, Lancashire.",2,0,twenties,male,hongkong,en,,6,TRUE,FALSE,common_voice_en_21786746.mp3,Morris was born in Radcliffe Lancashire,0.876008749
Google,It is the only major A-road in Australia that is partially unsealed.,2,0,,,hongkong,en,,12,TRUE,FALSE,common_voice_en_22445694.mp3,what is the only measure a road in Australia,0.79971832
Google,The public market is in the area.,2,1,twenties,male,hongkong,en,,7,TRUE,FALSE,common_voice_en_23592781.mp3,the public market is in the area,0.906308234
Google,"As a result, conventional military strategies often demand possession of high ground.",2,0,thirties,female,hongkong,en,,12,TRUE,FALSE,common_voice_en_22332460.mp3,as a result conventional military strategies of the demonic possession of high ground,0.901803613
Google,A number of people have hailed from Nyeri County.,2,0,twenties,male,hongkong,en,,9,TRUE,FALSE,common_voice_en_21786168.mp3,a number of people of held from Niagara County,0.834577799
Google,It can loosely be defined as the inverse of the reaction rate.,2,0,twenties,male,hongkong,en,,12,TRUE,FALSE,common_voice_en_22423376.mp3,you can do CPT find a nasty in purse of the reaction rate,0.786852539
Google,Once you get familiar with it you will want to use it for everything.,3,0,thirties,male,hongkong,en,,14,TRUE,FALSE,common_voice_en_17567.mp3,what's get familiar with that you will want to use it for everything,0.859454691
Google,I'm always up before the sun has risen.,2,0,twenties,male,hongkong,en,,8,TRUE,FALSE,common_voice_en_18441986.mp3,I'm always up before the sun has blighted,0.955790281
Google,Organisms typically cannot metabolize all types of carbohydrate to yield energy.,2,1,twenties,male,hongkong,en,,11,TRUE,FALSE,common_voice_en_22257847.mp3,organisms typically cannot metabolize all types of carbohydrate to you energy,0.929294765
Google,The pods of peas ferment in bare fields.,2,0,fourties,male,hongkong,en,,8,TRUE,FALSE,common_voice_en_17853220.mp3,Apostle of Peace Furman in Fairfield,0.741998374
Google,Grasp no more than thy hand will hold.,2,0,fourties,male,hongkong,en,,8,TRUE,FALSE,common_voice_en_17816584.mp3,cross no more than die hand with her,0.758546531
Google,We must therefore conclude that he had no such pretensions.,2,0,twenties,male,hongkong,en,,10,TRUE,FALSE,common_voice_en_22245628.mp3,we must therefore conclude that he had no such pretensions,0.926997662
Google,It has also been asserted that this questions the peer review process.,2,0,twenties,male,hongkong,en,,12,TRUE,FALSE,common_voice_en_21786163.mp3,it has also demonstrated that this question is the peer-review process,0.817773461
Google,You wouldn't mind living in the nicest house in town.,3,0,thirties,male,hongkong,en,,10,TRUE,FALSE,common_voice_en_214005.mp3,it wouldn't mind living in the nicest house in Charmed,0.925323486
Google,Before he gets through tonight he'll ruin us all!,4,2,thirties,male,hongkong,en,,9,TRUE,FALSE,common_voice_en_17771.mp3,before he gets through tonight he will ruin us all,0.956867695
Google,"Not just that, I have a feeling I'll be helping you track down your wayward researcher as well.",2,0,fourties,male,hongkong,en,,18,TRUE,FALSE,common_voice_en_17787339.mp3,I'll just that I have a feeling I'll be helping you track down your wayward researcher as well,0.899547338
Google,All cats are grey in the dark.,2,0,fourties,male,hongkong,en,,7,TRUE,FALSE,common_voice_en_17799199.mp3,all cats are grey in the dark,0.820044935
Google,"Nowadays, there are hydroelectric power stations in use.",2,1,twenties,male,hongkong,en,,8,TRUE,FALSE,common_voice_en_23786951.mp3,nowadays there are hydroelectric power stations in use,0.942601442
Google,Sarah told him that she was there to see her brother.,2,1,fourties,male,hongkong,en,,11,TRUE,FALSE,common_voice_en_17816540.mp3,Sarah told him that she was there to see her brother,0.916743696
Google,The Ocklawaha Hotel catered to the wealthy.,2,0,twenties,male,hongkong,en,,7,TRUE,FALSE,common_voice_en_23383929.mp3,Okinawa hotel located to the Ralphie,0.869556367
Google,His great-granddaughter Margaret Biddle married Thomas Biddle of the Biddle family of Philadelphia.,2,0,thirties,male,hongkong,en,,13,TRUE,FALSE,common_voice_en_22449599.mp3,"his great-granddaughter Margaret Biddle married, settle the little family of Philadelphia",0.813016951
Google,"Doctor, we have a medical emergency, and we need you at the emergency room now.",2,0,fourties,male,hongkong,en,,15,TRUE,FALSE,common_voice_en_17782884.mp3,doctor we have a medical emergency and we need you at the emergency room now,0.942332685
Google,These sausages are extremely tasty.,2,0,fourties,male,hongkong,en,,5,TRUE,FALSE,common_voice_en_219297.mp3,these sausages are extremely tasty,0.975113392
Google,And I'm going to build things.,3,0,thirties,male,hongkong,en,,6,TRUE,FALSE,common_voice_en_17693.mp3,and I'm going to view things,0.890701592
Google,"""I started my family from scratch again,"" he said.",2,0,twenties,male,hongkong,en,,9,TRUE,FALSE,common_voice_en_22378001.mp3,I started my family from scratch together is that,0.823198676
Google,"The little girl wanted to have a balloon, but was too shy to ask.",2,0,fourties,male,hongkong,en,,14,TRUE,FALSE,common_voice_en_17776695.mp3,a little girl wanted to have a balloon that was too shy to ask,0.931732833
Google,I am supposed to be here.,2,1,fourties,male,hongkong,en,,6,TRUE,FALSE,common_voice_en_17782223.mp3,I'm supposed to be here,0.987032771
Google,Home is where the heart is.,2,0,fourties,male,hongkong,en,,6,TRUE,FALSE,common_voice_en_17860946.mp3,home is where the heart is,0.978996694
Google,"The site is owned by ""The Chronicle of Higher Education"".",2,0,twenties,male,hongkong,en,,10,TRUE,FALSE,common_voice_en_22245624.mp3,the site is owned by the Conoco of higher education,0.890676141
Google,"Although she is beautiful, she would rather be with the horses than with men.",2,0,twenties,male,hongkong,en,,14,TRUE,FALSE,common_voice_en_23377199.mp3,although she is beautiful she would rather be with the horses than with man,0.877707958
Google,"If there is evidence of failure to disclose, yes, we have a problem.",2,0,twenties,male,indian,en,,13,TRUE,FALSE,common_voice_en_22378145.mp3,your pet is evidence of failure to disclose yes we have a problem,0.893175662
Google,"The sign is normally pronounced ""plus or minus"".",2,0,twenties,female,indian,en,,8,TRUE,FALSE,common_voice_en_18733683.mp3,the sign is nomination ounce plus or minus,0.738544464
Google,Meanwhile Win Chadha also died.,2,0,thirties,male,indian,en,,5,TRUE,FALSE,common_voice_en_19437194.mp3,meanwhile Venture data also died,0.860702336
Google,Where is my dress?,2,0,twenties,male,indian,en,,4,TRUE,FALSE,common_voice_en_17520264.mp3,where is my dress,0.91650182
Google,Benjamin was snacking on strips of bacon.,2,1,teens,female,indian,en,,7,TRUE,FALSE,common_voice_en_155227.mp3,Benjamin was not even strips of bacon,0.844734251
Google,The Quakers have a Meeting House on the Lower Churchtown Road.,2,1,twenties,male,indian,en,,11,TRUE,FALSE,common_voice_en_22292169.mp3,wake up have a meeting house only Nova chat download,0.8535496
Google,Musically we were going to meet each other half way.,2,1,twenties,male,indian,en,,10,TRUE,FALSE,common_voice_en_18733300.mp3,basically we're going to need each other.,0.827453732
Google,Surveys are just like a platform where good and bad estimations are mingled together.,2,0,thirties,female,indian,en,,14,TRUE,FALSE,common_voice_en_21721575.mp3,surveys are just like a platform there good and bad estimations are mingled together,0.909643292
Google,Emory has numerous club sports and a variety of recreational and competitive intramural teams.,2,0,teens,female,indian,en,,14,TRUE,FALSE,common_voice_en_21362374.mp3,Amar'e has you miss club sports and variety of recreational and competitive intramural team,0.853473485
Google,A colour version of the music video was later made available.,2,0,thirties,male,indian,en,,11,TRUE,FALSE,common_voice_en_20735452.mp3,color version of the music video,0.811828077
Google,Emma's going away immediately after tea might give offence.,2,0,twenties,male,indian,en,,9,TRUE,FALSE,common_voice_en_19953596.mp3,do you mind going every immediately after tea might give offense,0.755219221
Google,Valentine sits on the boards of several organisations in the United Kingdom.,2,0,thirties,male,indian,en,,12,TRUE,FALSE,common_voice_en_18946831.mp3,196 on the boards of several organizations in the United Kingdom,0.894528329
Google,She spent almost all night finishing her thesis.,2,0,twenties,male,indian,en,,8,TRUE,FALSE,common_voice_en_109349.mp3,she spent almost all night finishing her thesis,0.948955953
Google,Gold- and silversmiths as well as copper engraving and lithography flourished.,2,0,fourties,male,indian,en,,11,TRUE,FALSE,common_voice_en_23541654.mp3,gold and silver snakes as well as copper and gravy and a florist,0.798999846
Google,Claudius returned to Rome after the battle to attend to affairs of state.,2,0,twenties,male,indian,en,,13,TRUE,FALSE,common_voice_en_19477209.mp3,Claudius return to Rome after the battle to attend to Affairs of State,0.945415854
Google,"He's a regular and he's connected, but then I expect you knew that much already.",3,0,twenties,male,indian,en,,15,TRUE,FALSE,common_voice_en_17276740.mp3,he's a regular and is connected but then I expect you knew that much already,0.921577334
Google,His career spanned more than fifty years.,2,0,twenties,female,indian,en,,7,TRUE,FALSE,common_voice_en_22447951.mp3,his career spanned more than 50 years,0.944115937
Google,"It was seen early in the morning, rushing over eastward.",3,0,thirties,male,indian,en,,10,TRUE,FALSE,common_voice_en_120091.mp3,April scene early in the morning rushing over Eastwood,0.870012462
Google,"The Amazons were attributed to the Circassians via the root ""maze"".",2,0,twenties,female,indian,en,,11,TRUE,FALSE,common_voice_en_22670212.mp3,Amazon's were attributed the suggestions via the root maze,0.777423143
Google,"""Shining Force"" also possesses an exploration mode that occurs outside of battle.",2,1,twenties,male,indian,en,,12,TRUE,FALSE,common_voice_en_23627830.mp3,Shining Soul in Exploration mode.,0.862677574
Google,"They are part of the Sawa ethnic groups, those who live on the coast.",2,0,thirties,male,indian,en,,14,TRUE,FALSE,common_voice_en_21476599.mp3,did our part of the Sabah ethnic groups those who live on the coast,0.880076826
Google,It is the biggest telescope in the world.,2,1,twenties,male,indian,en,,8,TRUE,FALSE,common_voice_en_18666500.mp3,is the biggest telescope in the world,0.975798547
Google,You can pay with both escudos and euros.,2,1,twenties,male,indian,en,,8,TRUE,FALSE,common_voice_en_22312599.mp3,open carry laws in New York,0.842382967
Google,In one match the Gentlemen had eighteen and in two more seventeen.,2,0,twenties,male,indian,en,,12,TRUE,FALSE,common_voice_en_22772596.mp3,in one match the gentleman had 18 and into more 17,0.89133811
Google,The newspapers demanded democracy.,2,0,twenties,male,indian,en,,4,TRUE,FALSE,common_voice_en_13813670.mp3,the newspapers demanded democracy,0.956553102
Google,We're going to Paris for our honeymoon.,2,0,thirties,male,indian,en,,7,TRUE,FALSE,common_voice_en_18427495.mp3,we're going to Paris for our honeymoon,0.949192643
Google,"The more you read, the better you will be understood.",2,0,teens,male,indian,en,,10,TRUE,FALSE,common_voice_en_17247726.mp3,the more you read the battery will be understood,0.944637537
Google,A walking path surrounds the whole complex.,2,1,twenties,male,indian,en,,7,TRUE,FALSE,common_voice_en_19201294.mp3,are walking parks around Stonewall complex,0.81824857
Google,"Most people using the term ""exponentially"" don't know what it actually means.",2,0,twenties,male,indian,en,,12,TRUE,FALSE,common_voice_en_17779740.mp3,most people using the thumb exfoliant really don't know what actually means,0.840644836
Google,"Words are, in my not-so-humble opinion, our most inexhaustible source of magic.",2,1,twenties,male,indian,en,,12,TRUE,FALSE,common_voice_en_17392884.mp3,red sore in my not-so-humble opinion,0.944063365
Google,"The couple had one son, Mario.",2,0,twenties,male,indian,en,,6,TRUE,FALSE,common_voice_en_22321100.mp3,the couple had one son Mario,0.453185558
Google,"Alcohol, tobacco, coffee and tea were prohibited, as in many Latter Day Saint denominations.",2,0,twenties,male,indian,en,,14,TRUE,FALSE,common_voice_en_19459011.mp3,Alcohol Tobacco coffee and tea were prohibited as in many Latter Day Saint denominations,0.910735965
Google,I know very well what you're talking about.,2,0,twenties,female,indian,en,,8,TRUE,FALSE,common_voice_en_179975.mp3,I know very well what you talking about,0.946511269
Google,Such brilliant tactical success earned him a permanent place among Korea's most famous leaders.,2,0,twenties,female,indian,en,,14,TRUE,FALSE,common_voice_en_22687296.mp3,such brilliant tactical stocks is around him a prominent Place among Korea's most famous leaders,0.895537257
Google,The engine gave about six horse-power.,2,0,thirties,female,indian,en,,6,TRUE,FALSE,common_voice_en_21764414.mp3,the engine gave about 6 horsepower,0.775835574
Google,"Chespirito owned the rights to ""El Chavo"" and ""El Chapulín Colorado"".",2,1,twenties,male,indian,en,,11,TRUE,FALSE,common_voice_en_18685062.mp3,despedido on the rights to El Chavo and El chapulin Colorado,0.804156542
Google,"On basis of the report, a global tender was floated.",2,0,thirties,male,indian,en,,10,TRUE,FALSE,common_voice_en_19023271.mp3,on basis of gender was floating,0.671775639
Google,Its E minor soprano solo is prefigured in Weronika's final performance.,2,0,twenties,female,indian,en,,11,TRUE,FALSE,common_voice_en_22448659.mp3,C minor soprano solo is prefigured in Veronica's final performance,0.930004478
Google,Services are scant along this road.,3,1,twenties,male,indian,en,,6,TRUE,FALSE,common_voice_en_23702810.mp3,can we discuss can't along this route,0.709004104
Google,I'm going to medical school.,2,1,twenties,male,indian,en,,5,TRUE,FALSE,common_voice_en_18577158.mp3,I'm going to medical school,0.945230007
Google,Have you the key?,2,0,twenties,male,indian,en,,4,TRUE,FALSE,common_voice_en_17704589.mp3,have you the key,0.970309079
Google,Do you like fruit?,2,1,thirties,male,indian,en,,4,TRUE,FALSE,common_voice_en_17251288.mp3,do you like fruit,0.953910768
Google,"Ignoring these orders, the Marines continued to resist.",3,0,twenties,male,indian,en,,8,TRUE,FALSE,common_voice_en_19760554.mp3,ignoring these orders Americans continue to resist,0.88600415
Google,"Ordering is approximate, as there is considerable overlap.",3,0,thirties,male,indian,en,,8,TRUE,FALSE,common_voice_en_22781009.mp3,are there any is approximate as there is considerable overlap,0.96292609
Google,"When there's a loss of cabin pressure, oxygen masks will automatically drop down.",2,0,thirties,male,indian,en,,13,TRUE,FALSE,common_voice_en_17250950.mp3,Monday is a loss of cabin pressure oxygen masks will automatically drop down,0.861429811
Google,Ignorance is bliss.,2,0,twenties,male,indian,en,,3,TRUE,FALSE,common_voice_en_18242582.mp3,ignorance is bliss,0.981905401
Google,Development of tametraline was soon stopped because of undesired stimulant effects observed in animals.,2,0,twenties,male,indian,en,,14,TRUE,FALSE,common_voice_en_21846409.mp3,text Metrolina Christian stopped because it's undesired stimulant effect observed in animals,0.880438149
Google,"More double-length legs were shown from seasons seven to ten, fourteen.",2,0,twenties,female,indian,en,,11,TRUE,FALSE,common_voice_en_22331768.mp3,ball double length legs for Sean from season 7 to 10:14,0.797170401
Google,The Chargers placed him on injured reserve after he had season-ending surgery.,2,0,twenties,male,indian,en,,12,TRUE,FALSE,common_voice_en_22321420.mp3,the charges placed him on injured reserve after he had season-ending surgery,0.96695894
Google,South Lincolnshire Enterprise Agency was based there.,2,0,twenties,male,indian,en,,7,TRUE,FALSE,common_voice_en_23606150.mp3,call Susan spier Enterprise agency work,0.614393711
Google,The boy felt ill and terribly alone.,3,0,twenties,male,indian,en,,7,TRUE,FALSE,common_voice_en_119023.mp3,the boy felt ill and terribly alone,0.958933473
Google,He has a degree in law from the National Autonomous University of Mexico.,2,1,twenties,male,indian,en,,13,TRUE,FALSE,common_voice_en_19783246.mp3,he has a degree in law from the national autonomous University of Mexico,0.94284451
Google,Sid's girl-chasing persona was fully reinstated for subsequent films.,2,1,twenties,female,indian,en,,9,TRUE,FALSE,common_voice_en_22448885.mp3,set girl chasing Persona Wars fully reinstated for subsequent Slims,0.801854968
Google,"After many years of failed promises, investors began to feel disillusionment.",2,0,twenties,male,indian,en,,11,TRUE,FALSE,common_voice_en_18666216.mp3,after many years of failed promises investors began to feel disillusionment,0.975622177
Google,Elena will be late.,2,0,twenties,male,indian,en,,4,TRUE,FALSE,common_voice_en_18075506.mp3,Elena will be late,0.928969562
Google,At the time the Grand Mosque was being renovated by the Saudi Binladin Group.,2,0,thirties,male,indian,en,,14,TRUE,FALSE,common_voice_en_18675626.mp3,at the time the Grand Mosque was being renovated by the Saudi binladin group,0.981569886
Google,In many cases it can be seen via gonioscopy.,2,0,thirties,male,indian,en,,9,TRUE,FALSE,common_voice_en_22047623.mp3,in many cases it can be seen by a bonus coffee,0.912497282
Google,Within each ascocarp are several asci.,2,0,twenties,male,indian,en,,6,TRUE,FALSE,common_voice_en_23524805.mp3,within each task. I'll schedule the sky,0.669991195
Google,Many financial institutions have regional offices located in downtown Greenville.,2,0,teens,male,indian,en,,10,TRUE,FALSE,common_voice_en_21767765.mp3,many financial institutions have Regional offices located in downtown Greenville,0.961887002
Google,And a new contract goes with it.,3,0,thirties,male,indian,en,,7,TRUE,FALSE,common_voice_en_134510.mp3,add a new contract goes with it,0.922149956
Google,The red flowers are attractive to hummingbirds and butterflies.,2,0,twenties,male,indian,en,,9,TRUE,FALSE,common_voice_en_19311641.mp3,the reptiles that are connected to hummingbirds and butterflies,0.908129156
Google,"At the party, McPherson arrests Laura for the murder of Diane Redfern.",2,0,twenties,male,indian,en,,12,TRUE,FALSE,common_voice_en_23308838.mp3,and the party not person Laura for the murder of Diane Redford,0.846094131
Google,These measurements are used to define gravity anomalies.,2,1,twenties,male,indian,en,,8,TRUE,FALSE,common_voice_en_22290484.mp3,these measurements are used to define gravity,0.767615676
Google,Its members get no payment for expenses incurred and time spent at emergencies.,2,0,twenties,male,indian,en,,13,TRUE,FALSE,common_voice_en_22793238.mp3,its members get no payments for expenses incurred and time spent at emergencies,0.901648521
Google,But still it was a huge step forward for education in Russia.,2,0,twenties,female,indian,en,,12,TRUE,FALSE,common_voice_en_22448776.mp3,but still it was a huge step forward for education in Russia,0.944806874
Google,The Swiss nicknamed him The Rock.,2,0,twenties,male,indian,en,,6,TRUE,FALSE,common_voice_en_19312665.mp3,the Swiss nickname film,0.78076148
Google,"Via the Saint Francis River, it is part of the Mississippi River watershed.",2,0,twenties,male,indian,en,,13,TRUE,FALSE,common_voice_en_20603296.mp3,Brad doesn't want to see what it is part of the Mississippi River watershed,0.817071855
Google,Syntopy is a special case of sympatry.,2,0,twenties,male,indian,en,,7,TRUE,FALSE,common_voice_en_23663324.mp3,into pieces special case of sympatric,0.850943565
Google,"Please, be humble.",2,0,twenties,male,indian,en,,3,TRUE,FALSE,common_voice_en_17776526.mp3,please be humble,0.946647227
Google,You can also buy single issues directly from Mslexia and on their website.,2,0,fifties,male,indian,en,,13,TRUE,FALSE,common_voice_en_19758351.mp3,you can also buy single issues directly from Alexia and on their website,0.940588236
Google,The oldest settlements in Fairfax County were along the Potomac River.,2,0,twenties,male,indian,en,,11,TRUE,FALSE,common_voice_en_22127487.mp3,the oldest settlements in Fairfax County,0.810414255
Google,Tennant was also in charge of the Marlboro account and invented the Marlboro Man.,2,0,twenties,male,indian,en,,14,TRUE,FALSE,common_voice_en_22312750.mp3,and I'm going to also in charge of the accountant in Mandarin,0.857300103
Google,"However, by turbo engines were becoming faster, more reliable and easier to drive.",10,2,twenties,male,indian,en,,13,TRUE,FALSE,common_voice_en_20283909.mp3,I will buy you double engines were becoming faster more reliable and easy to drive,0.740620673
Google,Disabled accessible rooms are available.,2,0,twenties,male,indian,en,,5,TRUE,FALSE,common_voice_en_19137014.mp3,disabled accessible rooms are available,0.959691882
Google,"A price was put on his head, but he managed to escape to England.",2,0,twenties,male,indian,en,,14,TRUE,FALSE,common_voice_en_22319567.mp3,a price or sport on his head but he managed to escape to England,0.832540929
Google,Samantha Cameron's family own the large Yorkshire estate called Sutton Park.,2,1,twenties,male,indian,en,,11,TRUE,FALSE,common_voice_en_19700136.mp3,Samantha Cameron's family owned a large Yorkshire State call Sutton park,0.771384954
Google,It is known for its large shipyard.,2,0,twenties,female,indian,en,,7,TRUE,FALSE,common_voice_en_18733169.mp3,it is known for its large Shipyard,0.915574908
Google,He was respected and admired as a model teacher-scholar.,2,1,twenties,female,indian,en,,9,TRUE,FALSE,common_voice_en_18723876.mp3,he was respected and admired as model teachers color,0.92099613
Google,"The non-residential buildings are a kindergarten, Community Hall and Fire Station.",2,0,thirties,male,indian,en,,11,TRUE,FALSE,common_voice_en_21426041.mp3,the non-residential buildings are a kindergarten Community Hall and fire station,0.932711422
Google,He also had a long tenure as the frontman of hard rock band Talisman.,2,0,twenties,female,indian,en,,14,TRUE,FALSE,common_voice_en_22406118.mp3,he always had a long tenure as the frontman of hotdog band Charlotte,0.860184908
Google,The team was mostly derided or ignored by the New York City media.,2,0,twenties,male,indian,en,,13,TRUE,FALSE,common_voice_en_22773396.mp3,the team was mostly delighted or ignored by the New York City media,0.917043924
Google,He won many awards during his career.,2,0,twenties,male,indian,en,,7,TRUE,FALSE,common_voice_en_22319736.mp3,he won many awards during his career,0.982557297
Google,It was once the subject of rivalry between Victorian gardeners in England.,2,1,twenties,male,indian,en,,12,TRUE,FALSE,common_voice_en_22277943.mp3,what is the subject of Victorian England,0.783975601
Google,Activists claim the pipeline through the Baltic Sea is leaking.,2,1,twenties,male,indian,en,,10,TRUE,FALSE,common_voice_en_176390.mp3,at least clean the pipeline through the Baltic Sea is flaking,0.787209153
Google,The first European settler in Potton township was Nicholas Austin.,2,0,thirties,male,indian,en,,10,TRUE,FALSE,common_voice_en_22095311.mp3,the first European ships are in Fulton Township was Nicholas Osteen,0.850065172
Google,The plan was cancelled due to a popular resistance headed by Count Louis Sparre.,2,0,thirties,male,indian,en,,14,TRUE,FALSE,common_voice_en_22961313.mp3,the plan was canceled due to a popular resistance headed by County Louis Park,0.805833995
Google,He comes from an aristocratic family from the region of Piedmont in Italy.,2,0,twenties,female,indian,en,,13,TRUE,FALSE,common_voice_en_22533180.mp3,he comes from an aristocratic family from the region of Piedmont in Italy,0.961627007
Google,"""The Methodist Publishing House"".",2,1,twenties,female,indian,en,,4,TRUE,FALSE,common_voice_en_21934583.mp3,the Methodist Publishing House,0.961279035
Google,But I believe she’ll turn out all right yet.,2,0,twenties,female,indian,en,,9,TRUE,FALSE,common_voice_en_21678465.mp3,but I believe she will turn out all right yet,0.838660717
Google,The division covers the vast northern outback of South Australia.,2,0,twenties,male,indian,en,,10,TRUE,FALSE,common_voice_en_23596240.mp3,the decision to walk North and South Australia,0.794273615
Google,"However I am dressed, I shall still be Sancho Panza.",2,0,fifties,male,indian,en,,10,TRUE,FALSE,common_voice_en_17416348.mp3,however and rest I shall still be Sancho Panza,0.88632983
Google,The owner of the dwelling was not amused.,3,0,thirties,female,indian,en,,8,TRUE,FALSE,common_voice_en_215392.mp3,the owner of the dwelling was not amused,0.921105027
Google,You could go for a brisk walk up Constitution Hill or something.,2,0,twenties,female,malaysia,en,,12,TRUE,FALSE,common_voice_en_18485218.mp3,you should go to a preschool Constitution Hill or something,0.817041755
Google,The Chickasaw National Recreation Area preserves partially forested hills of south-central Oklahoma near Sulphur.,2,0,twenties,female,malaysia,en,,14,TRUE,FALSE,common_voice_en_19642057.mp3,the Chickasaw National Recreation Area Preserve specially for restitution of South Central Oklahoma yourself over,0.865352392
Google,The unincorporated community of Cherry is located within Cherry Township.,2,0,teens,male,malaysia,en,,10,TRUE,FALSE,common_voice_en_18701654.mp3,the unincorporated community of cherry is located within Cherry Township,0.939507484
Google,May I sit down?,2,1,twenties,male,malaysia,en,,4,TRUE,FALSE,common_voice_en_1137939.mp3,may I sit down,0.987629056
Google,"The dorsum is brown, with a yellow streak on each side of the neck.",2,0,twenties,male,malaysia,en,,14,TRUE,FALSE,common_voice_en_20288302.mp3,the Delsym is brown with a yellow streak on each side of the neck,0.897464633
Google,The name Monona is of American Indian origin.,2,0,twenties,female,malaysia,en,,8,TRUE,FALSE,common_voice_en_18684032.mp3,the name the Moana is of American Indian origin,0.839943469
Google,Fabian does not like pepper.,2,0,fourties,male,malaysia,en,,5,TRUE,FALSE,common_voice_en_17896795.mp3,Fabian does not like pepper,0.935206532
Google,What was she to do?,2,0,twenties,female,malaysia,en,,5,TRUE,FALSE,common_voice_en_17361490.mp3,what was she to do,0.945023835
Google,Can you tell me where it hurts?,2,0,twenties,male,malaysia,en,,7,TRUE,FALSE,common_voice_en_17285946.mp3,can you tell me what it's hurts,0.883821905
Google,Lettermore island is in two halves.,2,0,twenties,male,malaysia,en,,6,TRUE,FALSE,common_voice_en_19046651.mp3,Livermore island is into house,0.935656548
Google,Thirty-two Turkish tourists took a trip to a turkey farm.,2,0,twenties,female,malaysia,en,,10,TRUE,FALSE,common_voice_en_18447265.mp3,love you too talk to you tomorrow just took a trip to a Jackie phone,0.649958968
Google,He briefly considered relocating to Montevideo or Buenos Aires.,2,1,thirties,male,malaysia,en,,9,TRUE,FALSE,common_voice_en_20531406.mp3,he briefly considered getting to Montevideo,0.871643543
Google,Their music combined funk rhythms and dissonant guitar riffs.,3,0,twenties,male,malaysia,en,,9,TRUE,FALSE,common_voice_en_19680033.mp3,combine fun greetings and listening guitar riffs,0.664824665
Google,She is one of the most awarded artist in history.,2,0,thirties,female,malaysia,en,,10,TRUE,FALSE,common_voice_en_20309132.mp3,,0
Google,"My hobby is genealogy, or family history.",2,0,twenties,female,malaysia,en,,7,TRUE,FALSE,common_voice_en_18485233.mp3,my hobby is genealogy or family history,0.961881936
Google,"I think it came in a long, red box.",2,0,twenties,male,malaysia,en,,9,TRUE,FALSE,common_voice_en_17291462.mp3,I didn't came in a long box,0.745995641
Google,As if I would talk on such a subject!,2,0,twenties,female,malaysia,en,,9,TRUE,FALSE,common_voice_en_18447373.mp3,as if I would talk on such a subject,0.957399368
Google,Once again the songwriter in her felt the need to produce and sing.,2,0,thirties,female,malaysia,en,,13,TRUE,FALSE,common_voice_en_20309243.mp3,the song,0.834759474
Google,He tried to persuade her with a rather artificial argument,2,0,twenties,female,malaysia,en,,10,TRUE,FALSE,common_voice_en_18447273.mp3,tried to persuade her with the Raza artificial argument,0.826001406
Google,"Hey look, a flying pig!",2,0,twenties,male,malaysia,en,,5,TRUE,FALSE,common_voice_en_17252814.mp3,I love the Flying Pig,0.669377685
Google,Jack was drafted to do his duty in Korea for ten months.,2,0,twenties,female,malaysia,en,,12,TRUE,FALSE,common_voice_en_18684031.mp3,Jack Lester all set to do his duty in Korea for 10 months,0.790531814
Google,No wonder this vanilla yogurt tastes disgusting: Its eat-by date was last year.,2,0,twenties,female,malaysia,en,,13,TRUE,FALSE,common_voice_en_17361492.mp3,no wonder this funny thing is it by Voice last year,0.877244055
Google,Delete this file.,2,0,fifties,male,malaysia,en,,3,TRUE,FALSE,common_voice_en_17885588.mp3,delete this file,0.827964783
Google,Girard is served by the Jayton-Girard Independent School District.,2,0,fifties,male,malaysia,en,,9,TRUE,FALSE,common_voice_en_23149627.mp3,Jared is served by the Jason Garrett Independent School District,0.897976518
Google,I'm going with Clara to buy some pillows and bolsters.,2,0,fourties,male,malaysia,en,,10,TRUE,FALSE,common_voice_en_17896793.mp3,I'm going to the Cairo to buy some pillows and bolsters,0.93939805
Google,The band released two demos under this name.,2,0,twenties,male,malaysia,en,,8,TRUE,FALSE,common_voice_en_19792425.mp3,the band released under this name,0.867971182
Google,"For example, in his first album, Freak Out!",2,1,twenties,male,malaysia,en,,8,TRUE,FALSE,common_voice_en_19680032.mp3,for example in his first album freak out,0.944604993
Google,I passed away and left them to it.,2,0,twenties,female,malaysia,en,,8,TRUE,FALSE,common_voice_en_18485263.mp3,he passed away and left them to it,0.880222797
Google,"Nice, genial, jolly.",2,0,twenties,male,malaysia,en,,3,TRUE,FALSE,common_voice_en_17252813.mp3,Janelle jolly,0.643674374
Google,The mines had been ran by the city council.,2,0,fourties,male,malaysia,en,,9,TRUE,FALSE,common_voice_en_17896085.mp3,the mines have been ran by the city council,0.949190557
Google,The boy shook his head.,2,0,thirties,female,malaysia,en,,5,TRUE,FALSE,common_voice_en_1466772.mp3,the boys,0.759320855
Google,The cannibal was looking for another victim to appease his appetite.,2,1,fifties,male,malaysia,en,,11,TRUE,FALSE,common_voice_en_17885610.mp3,I was looking for another piece is apathy,0.615840852
Google,"When the carpet and the curtains caught fire, it was getting warm.",2,0,twenties,female,malaysia,en,,12,TRUE,FALSE,common_voice_en_184404.mp3,when the cops caught fire it was getting warm,0.739069223
Google,"One man's loss, is another man's gain.",2,0,twenties,male,malaysia,en,,7,TRUE,FALSE,common_voice_en_17252868.mp3,Wyman's loss is another man's gain,0.831156254
Google,Spring Prairie was originally called Franklin.,2,0,twenties,male,malaysia,en,,6,TRUE,FALSE,common_voice_en_19802543.mp3,prayer was originally Kirk Franklin,0.930753529
Google,Longtime white residents also tried to force the poor black residents out of town.,2,0,twenties,male,malaysia,en,,14,TRUE,FALSE,common_voice_en_19120808.mp3,longtime white President also try to force the four bread resident of of town,0.889107347
Google,The rings are plucked in a downward motion to produce tinkling sounds.,2,0,fourties,male,malaysia,en,,12,TRUE,FALSE,common_voice_en_21883549.mp3,the Rings are plugged in a tonne what motion to produce tinkling sounds,0.841567039
Google,Many different classes of statistical tests have been considered in the literature.,2,0,fourties,male,malaysia,en,,12,TRUE,FALSE,common_voice_en_17896118.mp3,many different classes of statistical tests have been considered in the literature,0.897164106
Google,Florida had provided refuge for both planters and slaves during the American Revolution.,2,1,twenties,male,malaysia,en,,13,TRUE,FALSE,common_voice_en_22975073.mp3,Toyota had provided refuge for both Panthers and slaves during the American Revolution,0.91169256
Google,"Before becoming a playwright, Acito was a novelist and journalist.",2,1,fifties,male,malaysia,en,,10,TRUE,FALSE,common_voice_en_23149708.mp3,before becoming a playwright a Cheeto was a novelist and journalist,0.976640761
Google,He was not able to find the words for his feelings.,2,0,twenties,male,malaysia,en,,11,TRUE,FALSE,common_voice_en_18224206.mp3,,0
Google,We need grain to keep our mules healthy.,2,1,twenties,male,malaysia,en,,8,TRUE,FALSE,common_voice_en_1639339.mp3,we need grain to keep our meals healthy,0.908051372
Google,I wish to see her.,2,0,twenties,male,malaysia,en,,5,TRUE,FALSE,common_voice_en_1639347.mp3,I wish to see that,0.844375491
Google,The name given in Spain and Portugal.,2,0,fourties,male,malaysia,en,,7,TRUE,FALSE,common_voice_en_17896120.mp3,the name given in Spain and Portugal,0.962470829
Google,Russell's initial tests measured un-notched samples.,2,0,fourties,male,malaysia,en,,6,TRUE,FALSE,common_voice_en_19439173.mp3,Russell's initial tests measured unnoticed temples,0.881600857
Google,"I want my garden to be filled with roses, petunias and passion flowers.",2,1,twenties,female,malaysia,en,,13,TRUE,FALSE,common_voice_en_17361474.mp3,what's my Guns N Roses genius and fishing poles,0.927473605
Google,Mosconi had two older sisters and two younger brothers.,2,0,fourties,male,malaysia,en,,9,TRUE,FALSE,common_voice_en_18979675.mp3,Moscone two older sisters and two younger brothers,0.912450314
Google,The company is mostly known through its Sherwin-Williams Paints line.,2,0,fourties,female,malaysia,en,,10,TRUE,FALSE,common_voice_en_22273794.mp3,the company is mostly known through its Sherwin-Williams paints line,0.917103648
Google,I'll catch a bus.,2,0,fifties,male,malaysia,en,,4,TRUE,FALSE,common_voice_en_17885592.mp3,I'll catch a bus,0.979464412
Google,This is the first use of a talk box by Pink Floyd.,2,1,twenties,male,malaysia,en,,12,TRUE,FALSE,common_voice_en_19680031.mp3,is this the first use of a talkbox by Pink Floyd,0.791385293
Google,Many challenges involve falling into water or mud on failure.,2,0,fifties,male,malaysia,en,,10,TRUE,FALSE,common_voice_en_22967246.mp3,many challenge involves falling into water or mud on failure,0.831219673
Google,"A male will use ""soft squeak calls and tail-lashing"" to signal the female.",2,0,twenties,male,malaysia,en,,13,TRUE,FALSE,common_voice_en_19792444.mp3,email you use soft sweet called and tail action,0.720696032
Google,"The increasingly urbanized ""Kathmandu"" and ""Pokhara"" valleys fall within the Hill region.",2,0,fourties,female,malaysia,en,,12,TRUE,FALSE,common_voice_en_22273860.mp3,the increasingly urbanized Kathmandu and Pokhara Valley's fall within the hill region,0.949463129
Google,The cistern was malfunctioning.,2,0,twenties,female,malaysia,en,,4,TRUE,FALSE,common_voice_en_1280839.mp3,the cistern was malfunctioning,0.942887425
Google,"After World War One, the yeshivah moved from Slutsk to Kletsk in Belarus.",2,1,twenties,male,malaysia,en,,13,TRUE,FALSE,common_voice_en_19680110.mp3,after World War 1 to get Siva moved from slot to kids in Belarus,0.889073074
Google,Because the crystal was dirty.,3,0,teens,male,malaysia,en,,5,TRUE,FALSE,common_voice_en_138713.mp3,because the crystal was dirty,0.957109451
Google,Being with him alone made her feel uncomfortable.,2,0,twenties,female,malaysia,en,,8,TRUE,FALSE,common_voice_en_184406.mp3,being with him alone made her feel uncomfortable,0.983329773
Google,Day's version was also issued as a single.,2,0,thirties,male,malaysia,en,,8,TRUE,FALSE,common_voice_en_20531448.mp3,what should I sing,0.374479413
Google,"It shouldn't be displayed on any book pages, or should it?",2,0,twenties,female,malaysia,en,,11,TRUE,FALSE,common_voice_en_17361469.mp3,shouldn't be displayed on any Bridges,0.882492304
Google,The store walls were lined with colored frocks.,2,0,fourties,male,malaysia,en,,8,TRUE,FALSE,common_voice_en_17897880.mp3,the star walls were lined with colored frogs,0.864205718
Google,Pietradefusi hosts is a Cinema Festival in September.,2,1,thirties,male,malaysia,en,,8,TRUE,FALSE,common_voice_en_20531417.mp3,piatek if you see horse is a cinema Festival in September,0.875469267
Google,I think I might have gotten a bit bored on that project.,2,0,twenties,female,malaysia,en,,12,TRUE,FALSE,common_voice_en_18447286.mp3,I think I might have gotten a bit going on that project,0.973757923
Google,Medulin's economy is based on tourism.,2,0,twenties,female,malaysia,en,,6,TRUE,FALSE,common_voice_en_20397778.mp3,Netherlands economy is based on tourism,0.961072624
Google,"Thus, kings can be removed immediately to the Foundation.",2,0,twenties,male,malaysia,en,,9,TRUE,FALSE,common_voice_en_19680112.mp3,does King's can be removed immediately with Foundation,0.791907847
Google,Shirt numbers became quickly associated with a certain position.,2,0,fourties,male,malaysia,en,,9,TRUE,FALSE,common_voice_en_19726691.mp3,shut numbers became quickly associated with a certain position,0.914273024
Google,Where did they come from?,2,1,thirties,female,malaysia,en,,5,TRUE,FALSE,common_voice_en_1466786.mp3,where did he come from,0.879321873
Google,He resigned from office when questions arose about his residency in Shreveport.,2,1,fourties,male,malaysia,en,,12,TRUE,FALSE,common_voice_en_18979671.mp3,he resign from office when questions arose about his residency at Shreveport,0.944877207
Google,Mighty oaks from tiny acorns grow.,2,0,fourties,male,malaysia,en,,6,TRUE,FALSE,common_voice_en_17928073.mp3,Mighty Oaks from Tiny acorns grow,0.98392421
Google,I had no idea.,2,0,fourties,male,malaysia,en,,4,TRUE,FALSE,common_voice_en_17896076.mp3,I had no idea,0.940939188
Google,"However, his interests are broader.",2,0,twenties,female,malaysia,en,,5,TRUE,FALSE,common_voice_en_18684071.mp3,but his interest a brother,0.798913658
Google,These quick little joys of hers were sources of joy to him.,2,1,twenties,male,malaysia,en,,12,TRUE,FALSE,common_voice_en_18330156.mp3,describe four sources of joy to him,0.771417677
Google,However Charlotte was mainly very happy in her marriage.,2,0,twenties,male,malaysia,en,,9,TRUE,FALSE,common_voice_en_19802546.mp3,Olivier Giroud was mainly very happy in her marriage,0.923806727
Google,I was shocked.,2,1,twenties,female,malaysia,en,,3,TRUE,FALSE,common_voice_en_18447275.mp3,a shot,0.439509392
Google,Link and Tetra rise to the surface as the King and Hyrule are submerged.,2,0,twenties,male,malaysia,en,,14,TRUE,FALSE,common_voice_en_19792442.mp3,Lincoln Tetra rise to the surface as king and Haru lost Moon,0.823349178
Google,"Well, spit it out!",2,0,twenties,female,malaysia,en,,4,TRUE,FALSE,common_voice_en_18485188.mp3,,0
Google,The big red apple fell to the ground.,2,0,fifties,male,malaysia,en,,8,TRUE,FALSE,common_voice_en_17885614.mp3,the big red apple fell to the ground,0.983912826
Google,You say the race is not always to the swift.,2,0,twenties,female,malaysia,en,,10,TRUE,FALSE,common_voice_en_18485216.mp3,you say the race is not always to the Swift,0.933492661
Google,Asakusa Shrine is part of a larger grouping of sacred buildings in the area.,2,0,thirties,female,philippines,en,,14,TRUE,FALSE,common_voice_en_19684294.mp3,at the closest Shrine is part of a larger grouping of sacred buildings in the area,0.965115666
Google,Many took to higher ground in current-day Downtown.,2,0,twenties,male,philippines,en,,8,TRUE,FALSE,common_voice_en_21216673.mp3,Manito to Higher Ground in charity downtown,0.803345144
Google,He enabled us to finish second last season when nobody expected us to.,2,0,twenties,other,philippines,en,,13,TRUE,FALSE,common_voice_en_22007286.mp3,second last season when nobody expected us to,0.868896782
Google,The Canal Branch administered Canada's canal system and undertook new construction as required.,2,0,teens,male,philippines,en,,13,TRUE,FALSE,common_voice_en_22322083.mp3,Tucanos Branch administered Canada's Canal system another two-year construction as required,0.836933315
Google,"Some cultivars, such as 'Bradford', are particularly susceptible to storm damage.",2,1,teens,male,philippines,en,,11,TRUE,FALSE,common_voice_en_18841316.mp3,some creative artists such as Bradford are particularly susceptible to storm damage,0.909467161
Google,Wildlife found in the park includes a wide variety of mammals.,2,0,fifties,male,philippines,en,,11,TRUE,FALSE,common_voice_en_22165923.mp3,Wildlife found in the park,0.951392531
Google,Between vowels short consonants were lenited.,2,0,twenties,other,philippines,en,,6,TRUE,FALSE,common_voice_en_21949199.mp3,between Bells fart continents relented,0.667526484
Google,"These effects are gradual, developing over several days.",2,0,twenties,male,philippines,en,,8,TRUE,FALSE,common_voice_en_19843831.mp3,these effects are Gadwall developing over several days,0.958571017
Google,What else am I to do?,2,0,thirties,male,philippines,en,,6,TRUE,FALSE,common_voice_en_17776209.mp3,what else am I to do,0.987628996
Google,The direction opposite of the nadir is the zenith.,2,0,teens,male,philippines,en,,9,TRUE,FALSE,common_voice_en_22264629.mp3,the direction opposite of the another is the Sun,0.949621916
Google,Kidd particularly credits Chesley Bonestell and Norman Rockwell as his most formative influences.,2,0,twenties,male,philippines,en,,13,TRUE,FALSE,common_voice_en_21216716.mp3,kid particularly credits Chesney Boston and Norman Rockwell most formative influences,0.887179017
Google,The tree trunks symbolise the importance of forestry and the sawmills in the municipality.,2,0,fourties,male,philippines,en,,14,TRUE,FALSE,common_voice_en_23427516.mp3,the tree trunk symbolize the importance of Forestry in the Sawmills in the municipality,0.892546594
Google,"Another device used in tacheometry is the ""subtense bar"".",2,0,twenties,other,philippines,en,,9,TRUE,FALSE,common_voice_en_23657539.mp3,another device used in takilma tree is the substance for,0.904442608
Google,This concludes Christ's message.,2,1,teens,male,philippines,en,,4,TRUE,FALSE,common_voice_en_18851751.mp3,this concludes Chris messages,0.945121348
Google,You were going to go out and conquer the world!,2,0,twenties,female,philippines,en,,10,TRUE,FALSE,common_voice_en_15649.mp3,he was going to go out and conquer the world,0.927694976
Google,The only point at issue was the precise line of the borders.,2,0,twenties,male,philippines,en,,12,TRUE,FALSE,common_voice_en_19843805.mp3,the only part of the issue was the precise line of the borders,0.855563164
Google,"Its motto is ""Amore Sitis Uniti"", Latin for ""Be United in Love"".",2,0,twenties,male,philippines,en,,12,TRUE,FALSE,common_voice_en_19727706.mp3,Ace motel in Amarillo city school,0.495401174
Google,Thomas was left paralyzed from the chest down.,2,0,twenties,female,philippines,en,,8,TRUE,FALSE,common_voice_en_18922223.mp3,Thomas was left paralyzed from the chest down,0.919460416
Google,It is directed by Rajesh Touchriver.,2,1,thirties,male,philippines,en,,6,TRUE,FALSE,common_voice_en_18674046.mp3,it is directed by Rajesh. River,0.893362939
Google,Many air arms however continued to operate target tugs on their own behalf.,2,0,twenties,female,philippines,en,,13,TRUE,FALSE,common_voice_en_18922200.mp3,many are arms however continue to operate Target thugs on their own behalf,0.866532564
Google,Gestir are signed to Tutl Records in the Faroe Islands.,2,0,twenties,male,philippines,en,,10,TRUE,FALSE,common_voice_en_20114573.mp3,mix Tierra a side records in the Faroe Islands,0.733303666
Google,I'm just sitting around watching a video at the moment.,2,0,fourties,male,philippines,en,,10,TRUE,FALSE,common_voice_en_17281027.mp3,I'm just sitting around watching a video at the moment,0.989395142
Google,"De Mortimer's tenant was another Norman, Ralph Bluet.",2,1,teens,male,philippines,en,,8,TRUE,FALSE,common_voice_en_22264766.mp3,did Mortimer standard was another nerve man Ralph Lewis,0.747394323
Google,Ribbonfish possess all the characteristics of fish living at very great depths.,2,1,teens,male,philippines,en,,12,TRUE,FALSE,common_voice_en_18841484.mp3,ribbon fish possess all the characteristics of fish living at very great clips,0.914615631
Google,"In Europe, Poma and Leitner operate as separate ventures.",2,1,teens,male,philippines,en,,9,TRUE,FALSE,common_voice_en_18841425.mp3,"in Europe, and Laettner operate as separate Ventures",0.960993528
Google,The Waits River flows through the village.,2,0,teens,male,philippines,en,,7,TRUE,FALSE,common_voice_en_22264596.mp3,the Waits river flows through the village,0.888112366
Google,Both accidents caused the session to be suspended.,2,1,teens,male,philippines,en,,8,TRUE,FALSE,common_voice_en_18714897.mp3,accidents caused by session to be suspended,0.863377988
Google,Coahuila contains two biosphere reserves.,2,0,twenties,male,philippines,en,,5,TRUE,FALSE,common_voice_en_21216957.mp3,what is the biosphere Reserves,0.910916984
Google,The work was championed in Europe and London by Robert Hausmann.,2,0,fourties,male,philippines,en,,11,TRUE,FALSE,common_voice_en_19984993.mp3,the work was Campion in Europe and London by Robert Hoffman,0.907980025
Google,"Oh, you are, eh?",2,0,fourties,male,philippines,en,,4,TRUE,FALSE,common_voice_en_17280983.mp3,you are a,0.841697037
Google,The crater has not been significantly eroded by subsequent impacts.,2,0,teens,male,philippines,en,,10,TRUE,FALSE,common_voice_en_22322198.mp3,the crater has not been significantly eroded by subsequent and socks,0.889251769
Google,He studied piano as a child and participated in his high school chorus.,2,0,twenties,other,philippines,en,,13,TRUE,FALSE,common_voice_en_21949730.mp3,he said a piano as a child and participated in his high school course,0.894038856
Google,"It just reminded me, you can't ever be lazy about it.",2,1,twenties,male,philippines,en,,11,TRUE,FALSE,common_voice_en_19055626.mp3,it just reminded me that ever play say about it,0.823883057
Google,Property list files are often used to store a user's settings.,2,0,twenties,male,philippines,en,,11,TRUE,FALSE,common_voice_en_19848094.mp3,probably the list files are often used to store a user settings,0.898640156
Google,"After the season, he lost his spot on the roster to Leonard Henry.",2,0,twenties,male,philippines,en,,13,TRUE,FALSE,common_voice_en_19843788.mp3,after this he said he lost his spots on The Roaster to Leonardo's Henry,0.802797139
Google,Just as I thought!,2,1,twenties,female,philippines,en,,4,TRUE,FALSE,common_voice_en_17453377.mp3,just as I thought,0.955386817
Google,His poetry was beautiful stuff.,2,0,twenties,male,philippines,en,,5,TRUE,FALSE,common_voice_en_21012284.mp3,his poetry was beautiful.,0.857076228
Google,The last Commissioner for Railways was Neil McCusker.,2,0,twenties,female,philippines,en,,8,TRUE,FALSE,common_voice_en_23392766.mp3,the last commissioner for real race was Neil mccosker,0.830977023
Google,What is she to do?,2,0,thirties,male,philippines,en,,5,TRUE,FALSE,common_voice_en_17776135.mp3,what is she to do,0.968076527
Google,A few huge Bowies up to long were created for exhibition.,2,0,thirties,male,philippines,en,,11,TRUE,FALSE,common_voice_en_18673988.mp3,a few huge Bowie's up to long were created for exhibition,0.831204414
Google,The newer church was built by Richard Neville.,2,0,twenties,female,philippines,en,,8,TRUE,FALSE,common_voice_en_18922220.mp3,then you were church was built by teacher DeVille,0.931665838
Google,"The couple have two children, Peter and William.",2,0,teens,male,philippines,en,,8,TRUE,FALSE,common_voice_en_18714867.mp3,the couple have two children Peter and William,0.898052096
Google,Maybe these desert birds could explain to him the meaning of love without ownership.,2,0,thirties,male,philippines,en,,14,TRUE,FALSE,common_voice_en_181389.mp3,maybe these desert Birds but explain to him the meaning of love the death ownership,0.885655999
Google,Play music by larry mullen jr.,4,0,twenties,female,philippines,en,,6,TRUE,FALSE,common_voice_en_15657.mp3,play music by Larry Mullen Jr,0.979433358
Google,His father had been an amateur boxer and made all of his sons box.,2,0,fourties,male,philippines,en,,14,TRUE,FALSE,common_voice_en_19984998.mp3,his father had been an amateur boxer and made all of his sons box,0.920301139
Google,"At an early age, William was interested in earthworks and mechanics.",2,0,teens,male,philippines,en,,11,TRUE,FALSE,common_voice_en_18714875.mp3,William was interested in Earth Works in mechanics,0.73120755
Google,Their uniforms have become their trademark.,2,0,twenties,male,philippines,en,,6,TRUE,FALSE,common_voice_en_20040064.mp3,their uniforms have become their trademark,0.971893847
Google,How old are you?,2,0,thirties,male,philippines,en,,4,TRUE,FALSE,common_voice_en_17147879.mp3,how old are you,0.97990346
Google,"There is a wedding chapel in the rear, and gardens nearby.",2,0,twenties,male,philippines,en,,11,TRUE,FALSE,common_voice_en_20040393.mp3,there's the wedding chapel in the rear and Gardens nearby,0.835758209
Google,"As I watched, the planet seemed to grow larger and smaller.",2,0,twenties,female,philippines,en,,11,TRUE,FALSE,common_voice_en_123995.mp3,are they watch the planets IMA girl larger and smaller,0.804061413
Google,"It's true; life really is generous to those who pursue their destiny, the boy thought.",2,1,twenties,male,philippines,en,,15,TRUE,FALSE,common_voice_en_116219.mp3,it's true my feelings generous to those who pursue their destiny,0.903036058
Google,"In a polar coordinate system, the origin may also be called the pole.",2,0,twenties,male,philippines,en,,13,TRUE,FALSE,common_voice_en_19966712.mp3,any polar coordinate system the origin may also be called the pole,0.952856362
Google,"Located on the border with Russia, it is major land port of entry.",2,0,twenties,male,philippines,en,,13,TRUE,FALSE,common_voice_en_21106611.mp3,located on the border with Russia and its major land for the pantry,0.836241484
Google,"He kept driving at full speed, totally unfazed by the flap, flap, flap of the burst tyre.",2,0,thirties,male,philippines,en,,17,TRUE,FALSE,common_voice_en_17528595.mp3,he kept driving at full speed. Only I can face by the flap flap top of the first fire,0.859597266
Google,Articles of incorporation were filed and the name Pittsburgh Filmmakers was adopted.,2,0,twenties,male,philippines,en,,12,TRUE,FALSE,common_voice_en_21015742.mp3,Articles of Incorporation were filed in the name Pittsburgh filmmakers was adopted,0.94305402
Google,"Marc, would you please give me the fly swatter?",2,1,twenties,female,philippines,en,,9,TRUE,FALSE,common_voice_en_17453358.mp3,mark would you please give me the flyswatter,0.918380797
Google,A carpet sweeper typically consists of a small box.,2,0,teens,male,philippines,en,,9,TRUE,FALSE,common_voice_en_22264884.mp3,a carpet sweeper typically consists of a small box,0.876663685
Google,He was considered a pioneer mover of Maranao literature.,2,0,twenties,male,philippines,en,,9,TRUE,FALSE,common_voice_en_21013883.mp3,what's considered the Pioneer mover of modern literature,0.76457864
Google,Faster synchronous modes are used more frequently.,2,1,twenties,male,philippines,en,,7,TRUE,FALSE,common_voice_en_21012343.mp3,after she post more frequently,0.646260142
Google,The cost of these works was met by heavy taxation that caused much suffering.,2,0,twenties,male,philippines,en,,14,TRUE,FALSE,common_voice_en_21250875.mp3,the cost of these Works was met by heavy taxation that cost much suffering,0.797562659
Google,The historical heritage of this province is rich and varied.,2,0,thirties,female,philippines,en,,10,TRUE,FALSE,common_voice_en_19684144.mp3,the historical Heritage of this province is Rich and varied,0.971417725
Google,I'm here for the placement interview.,2,0,twenties,male,philippines,en,,6,TRUE,FALSE,common_voice_en_18607244.mp3,I'm here for the placement interview,0.977048576
Google,"In Ecuador, a variant known as yahuarlocro is popular.",2,0,twenties,other,philippines,en,,9,TRUE,FALSE,common_voice_en_21949200.mp3,in Ecuador a variant known as y'all are local is popular,0.905572355
Google,All is not gold that glitters.,2,0,thirties,male,philippines,en,,6,TRUE,FALSE,common_voice_en_17147890.mp3,All Is Not Gold That Glitters,0.982301235
Google,They also produce a selection of outdoor specific accessories and footwear.,2,0,twenties,male,philippines,en,,11,TRUE,FALSE,common_voice_en_19055596.mp3,they also produce a selection of out there specific accessories and Footwear,0.912713528
Google,"The work may be reconstructed from later chronographists of the Byzantine, especially George Syncellus.",2,0,teens,male,philippines,en,,14,TRUE,FALSE,common_voice_en_22224013.mp3,the work may be reconstructed from later cornography softer visentin especially enjoyed themselves,0.862463892
Google,May I borrow your bolster?,2,0,twenties,male,philippines,en,,5,TRUE,FALSE,common_voice_en_17404287.mp3,may I borrow your bolster,0.770482004
Google,Why is the question of priority important?,2,0,twenties,male,philippines,en,,7,TRUE,FALSE,common_voice_en_19843808.mp3,why is the question of priority important,0.887459874
Google,A Scottish tour is being set for the end of April.,2,0,seventies,male,philippines,en,,11,TRUE,FALSE,common_voice_en_18829181.mp3,a Scottish tour is being set for the end of April,0.941437483
Google,He decided to stay right there and await his return.,2,1,twenties,male,philippines,en,,10,TRUE,FALSE,common_voice_en_131673.mp3,he decided to stay right there anyway kiss return,0.782633364
Google,Paul Burgess and Flos Headford were founder-members of the Mellstock Band.,2,0,thirties,male,philippines,en,,11,TRUE,FALSE,common_voice_en_18674041.mp3,Hallberg has been floss headford where founder members of the Melt stuff band,0.797788322
Google,They join the ulnar veins to form the brachial veins.,2,0,twenties,other,philippines,en,,10,TRUE,FALSE,common_voice_en_21949254.mp3,they join the old veins the from the brachial veins,0.825766444
Google,"It is located in the Upper Palatinate, roughly halfway between Regensburg and Bayreuth.",2,1,twenties,male,philippines,en,,13,TRUE,FALSE,common_voice_en_19848121.mp3,is located and the Opera palatinate roughly halfway between Regensburg and Barrows,0.879879773
Google,Let's have a look at the standard deviation.,3,2,twenties,male,philippines,en,,8,TRUE,FALSE,common_voice_en_13479.mp3,let's have a look at the standard deviation,0.936177611
Google,They felt that the salesman had lied to them.,2,0,twenties,male,philippines,en,,9,TRUE,FALSE,common_voice_en_18012412.mp3,they felt that the salesman had lied to them,0.943208158
Google,"They live in Sparta Township, New Jersey, on the eastern shore of Lake Mohawk.",2,0,teens,male,philippines,en,,14,TRUE,FALSE,common_voice_en_22248870.mp3,Stanley's in Sparta New Jersey,0.687241435
Google,Both imply a customer lifetime of four years.,2,0,twenties,male,philippines,en,,8,TRUE,FALSE,common_voice_en_19055627.mp3,both entire customer lifetime of War years,0.783411384
Google,It is therefore difficult to state the exact classification.,2,0,twenties,male,philippines,en,,9,TRUE,FALSE,common_voice_en_21012410.mp3,it is therefore difficult to accept the situation,0.858819127
Google,"If olivine is present, the rock may be classified as an olivine nephelinite.",2,0,twenties,male,philippines,en,,13,TRUE,FALSE,common_voice_en_23610646.mp3,is Olivine is present the rock may be classified as an Olivine NFL tonight,0.889539778
Google,The second featured the Arthur Baker Dance Mix as the B-side.,3,0,twenties,male,philippines,en,,11,TRUE,FALSE,common_voice_en_21216734.mp3,the second featured Arthur Baker dance mixes the B-side,0.773798585
Google,"However, Joseph Smith insisted that his own younger brother, William, be selected instead.",2,0,twenties,male,philippines,en,,13,TRUE,FALSE,common_voice_en_19055612.mp3,however Joseph Smith insisted that his own younger brother William be selected instead,0.897678912
Google,"Without access to the grazing and timbering lands, many residents sought work outside Mora.",2,0,teens,male,philippines,en,,14,TRUE,FALSE,common_voice_en_18714927.mp3,without access to the grazing and Timberlands many residents artwork outside more,0.910140812
Google,"In the United Kingdom, generic drug pricing is controlled by the government's reimbursement rate.",2,0,twenties,male,philippines,en,,14,TRUE,FALSE,common_voice_en_20057197.mp3,in the United Kingdom generic drug pricing is controlled by the government's reimbursement babe,0.923051476
Google,That's why I keep losing.,3,0,twenties,female,philippines,en,,5,TRUE,FALSE,common_voice_en_15708.mp3,that's why I keep losing,0.972260654
Google,"Like Sammy, he also observes the girls in the store with interest.",2,0,teens,male,philippines,en,,12,TRUE,FALSE,common_voice_en_18841315.mp3,text Sammy he also observed the girls in the store with interest,0.888150275
Google,Do the roses compete in athletic events?,2,0,thirties,male,philippines,en,,7,TRUE,FALSE,common_voice_en_17147861.mp3,do the Roses compete in the Atlantic prevent,0.929329097
Google,"The name became associated with the district of Carrick, Scotland.",2,0,teens,male,philippines,en,,10,TRUE,FALSE,common_voice_en_18715033.mp3,remain became associated with the District of Scotland,0.908357084
Google,The third domain contains the active site.,2,1,twenties,female,philippines,en,,7,TRUE,FALSE,common_voice_en_18730133.mp3,,0
Google,"On windy days, they are further from shore.",2,1,teens,male,philippines,en,,8,TRUE,FALSE,common_voice_en_22322189.mp3,I'm leaving the days they are farther from Shore,0.779460907
Google,"Due to the lack of a bug bounty program, Johanna decided to sell her exploit on the black market.",2,0,fourties,male,philippines,en,,19,TRUE,FALSE,common_voice_en_17281026.mp3,due to the lack of a bug Bounty program Johanna decided to sell her export on the black market,0.946703076
Google,"Jack, at the last second, rolls out, while she plummets to her death.",2,0,twenties,male,philippines,en,,13,TRUE,FALSE,common_voice_en_20040322.mp3,back at the last second rolls out while she playing stupid death,0.839466751
Google,The rivers are said to flow only about once per century.,2,0,seventies,male,philippines,en,,11,TRUE,FALSE,common_voice_en_18829184.mp3,the rivers are said to flow only about once per century,0.89612025
Google,It contains a variety of wildfowl and reedbeds.,2,0,teens,male,philippines,en,,8,TRUE,FALSE,common_voice_en_22265017.mp3,it contains a variety of fall fall and read that,0.842911422
Google,"She looked skeptical when leaning against the wall, observing the celebrities.",2,0,thirties,male,philippines,en,,11,TRUE,FALSE,common_voice_en_17776178.mp3,she looks skeptical when leaning against the wall of serving the celebrities,0.922317266
Google,His many criminal skills are a valuable asset to the Black Bat.,2,0,twenties,male,philippines,en,,12,TRUE,FALSE,common_voice_en_20040066.mp3,as many criminals skills are a valuable asset to the black bat,0.858766556
Google,"I had been born with no organic, chemical predisposition toward alcohol.",2,0,teens,male,philippines,en,,11,TRUE,FALSE,common_voice_en_18336236.mp3,born with no organic,0.880007029
Google,Do as you would be done by.,2,0,twenties,male,philippines,en,,7,TRUE,FALSE,common_voice_en_18012410.mp3,do as you would be done by,0.973942101
Google,All three siblings would eventually follow their father into acting careers.,2,0,twenties,other,philippines,en,,11,TRUE,FALSE,common_voice_en_21949143.mp3,all free siblings would eventually follow their father into acting careers,0.880454957
Google,Sibiryakov contributed significantly to Siberia's economic development.,2,0,twenties,other,philippines,en,,7,TRUE,FALSE,common_voice_en_21949406.mp3,cuticles contributed significantly to Siberia,0.705273151
Google,It is still available as a free download on some music sites.,2,0,twenties,female,philippines,en,,12,TRUE,FALSE,common_voice_en_23392791.mp3,it is still available as a free download and some music sites,0.967342079
Google,They may also have a mask.,2,1,twenties,male,philippines,en,,6,TRUE,FALSE,common_voice_en_20114575.mp3,and he also has a mask,0.890495479
Google,Such an injury requires surgical correction.,2,0,thirties,male,philippines,en,,6,TRUE,FALSE,common_voice_en_19739328.mp3,such an injury require surgical correction,0.951961517
Google,Its county seat is Hugo.,2,0,teens,male,singapore,en,,5,TRUE,FALSE,common_voice_en_20858481.mp3,its county seat is Hugo,0.79577738
Google,"The storm destroyed almost all structures on Assateague Island, where development was just beginning.",2,0,twenties,male,singapore,en,,14,TRUE,FALSE,common_voice_en_18785368.mp3,the stone structures on Assateague Island development was just beginning,0.855224729
Google,The parser makes it easier for the game's author to react on input.,2,0,teens,male,singapore,en,,13,TRUE,FALSE,common_voice_en_20860126.mp3,the pasta makes it easier for the Games author the reactant input,0.797792614
Google,"These, along with the Sahtaneh and Muskwa Rivers constitute the major tributaries.",2,0,thirties,male,singapore,en,,12,TRUE,FALSE,common_voice_en_18792712.mp3,along with the Saturday in Moscow reverse constitute the major tributaries,0.820351839
Google,"His mother's name was ""Itália"", which means ""Italy"" in Portuguese.",2,1,twenties,male,singapore,en,,10,TRUE,FALSE,common_voice_en_18722176.mp3,Italia Ricci,0.471332967
Google,She composed an emotional song in her bedroom.,3,0,teens,male,singapore,en,,8,TRUE,FALSE,common_voice_en_114760.mp3,she composed an emotional song in her bedroom,0.953299165
Google,He studied Medicine in the University of Lisbon.,2,0,twenties,male,singapore,en,,8,TRUE,FALSE,common_voice_en_18785271.mp3,,0
Google,"Songwriting credit for ""No Woman, No Cry"" went to ""V. Ford"".",2,1,teens,male,singapore,en,,11,TRUE,FALSE,common_voice_en_21275229.mp3,song writing credits for No Woman No Cry when to be Ford,0.815728962
Google,Blakelock's works were exhibited in the National Academy of Design.,2,0,teens,male,singapore,en,,10,TRUE,FALSE,common_voice_en_21117652.mp3,Big Lots work by accident in the National Academy of Design,0.903176367
Google,See Higher education in Hong Kong.,2,1,twenties,male,singapore,en,,6,TRUE,FALSE,common_voice_en_20674614.mp3,see higher education Hong Kong,0.807165444
Google,The salt mines were of major economic importance and led to some disputes.,2,0,teens,male,singapore,en,,13,TRUE,FALSE,common_voice_en_20866796.mp3,this aligns with me Jake Owens,0.896737516
Google,Marianne Lamont Horinko was an Assistant Administrator at the time.,2,0,teens,male,singapore,en,,10,TRUE,FALSE,common_voice_en_20876372.mp3,Mary Ann Lamar Ringo was an assistant administrator of the time,0.793181241
Google,She becomes pregnant and bears him a daughter.,2,0,teens,male,singapore,en,,8,TRUE,FALSE,common_voice_en_21783507.mp3,she becomes pregnant dancing my daughter,0.71603775
Google,"They moved to Ohio, becoming the Cleveland Crusaders.",2,1,teens,male,singapore,en,,8,TRUE,FALSE,common_voice_en_20876218.mp3,they move to Ohio becoming the Cleveland Crusaders,0.942936003
Google,"During their half-century of exile, however, the last great flowing of Anatolian Hellenism began.",2,0,teens,male,singapore,en,,14,TRUE,FALSE,common_voice_en_20858357.mp3,during a half-century of Exile Oliver the last great flowing of Anatolian Hellenism to get,0.804432034
Google,"There was an accident at work, a camel stampede nearly killed the janitor.",2,1,twenties,male,singapore,en,,13,TRUE,FALSE,common_voice_en_17345215.mp3,"there was an accident at work, send piece nearly killed the janitor",0.855907679
Google,Factional fighting continued in the south.,2,0,teens,male,singapore,en,,6,TRUE,FALSE,common_voice_en_20876584.mp3,factional fighting continuing this song,0.738480866
Google,Even then he hardly understood what this meant.,13,1,twenties,female,singapore,en,,8,TRUE,FALSE,common_voice_en_13532.mp3,what's this man,0.636762798
Google,Her son went upstairs to help her.,2,0,teens,male,singapore,en,,7,TRUE,FALSE,common_voice_en_20860952.mp3,assignment upstairs to help her,0.623433948
Google,He became known as Don Luis.,2,0,twenties,male,singapore,en,,6,TRUE,FALSE,common_voice_en_18722156.mp3,,0
Google,"Appalled, Martin refuses Sonia access to Rebecca.",2,0,thirties,male,singapore,en,,7,TRUE,FALSE,common_voice_en_19605243.mp3,Apollo Martin refuses Sonia access to Rebecca,0.856465876
Google,Leave it all to me.,2,0,teens,male,singapore,en,,5,TRUE,FALSE,common_voice_en_20858215.mp3,Leave It All To Me,0.946255803
Google,"The gold can be tinted yellow, white and rose color.",2,1,teens,male,singapore,en,,10,TRUE,FALSE,common_voice_en_20858222.mp3,the goal can be tinted yellow white and rose color,0.924912274
Google,Robinson won six Canadian national titles.,2,0,teens,male,singapore,en,,6,TRUE,FALSE,common_voice_en_20860092.mp3,Robinson 16 Canadian national titles,0.921952426
Google,"Like Don Andrews, he was originally a member of the Western Guard Party.",2,0,teens,male,singapore,en,,13,TRUE,FALSE,common_voice_en_19020925.mp3,like Dawn Andrews he was originally a member of the western got party,0.924327552
Google,Rosanna's main arterial roads are Lower Plenty Road and Rosanna Road.,2,0,teens,male,singapore,en,,11,TRUE,FALSE,common_voice_en_20860887.mp3,Roseanna's mean arterial roads are North empty road and Rosanna Road,0.806570292
Google,It has had a mixed reception compared to his other works.,2,0,teens,male,singapore,en,,11,TRUE,FALSE,common_voice_en_20791694.mp3,it has had a mixed reception compared to his other books,0.961688638
Google,"The city's major industries include textiles, paper-making, fine chemicals, machinery, steel and forestry products.",2,0,teens,male,singapore,en,,14,TRUE,FALSE,common_voice_en_20858452.mp3,the city's major industries in textiles people making Fine Chemicals Machinery steel and forestry Products,0.902657628
Google,What is it all about?,2,0,twenties,male,singapore,en,,5,TRUE,FALSE,common_voice_en_17340854.mp3,what is it all about,0.983877361
Google,"Huarte stressed ""somatic determinants of behavior"" which originate in the brain.",2,0,twenties,male,singapore,en,,11,TRUE,FALSE,common_voice_en_18722199.mp3,stress somatic terminals of behavior in the brain,0.845255256
Google,"Only the cymbal player, Nakamura, whose lunch Tomoko ate, is unaffected.",2,0,teens,male,singapore,en,,11,TRUE,FALSE,common_voice_en_20860165.mp3,only the symbol player Nakamura,0.921718717
Google,Think for yourself.,2,0,twenties,male,singapore,en,,3,TRUE,FALSE,common_voice_en_18785369.mp3,think for yourself,0.937259495
Google,Release of this set is now delayed indefinitely.,2,0,teens,male,singapore,en,,8,TRUE,FALSE,common_voice_en_20866764.mp3,release of this set is now delayed indefinitely,0.936036527
Google,It is an affiliate of Daystar.,2,0,teens,male,singapore,en,,6,TRUE,FALSE,common_voice_en_21117551.mp3,Nepali rupees.,0.424114227
Google,What can I do for you?,2,0,teens,male,singapore,en,,6,TRUE,FALSE,common_voice_en_17248765.mp3,what can I do for you,0.987628996
Google,A class action suit was filed against China Airlines and Airbus Industrie for compensation.,2,0,twenties,male,singapore,en,,14,TRUE,FALSE,common_voice_en_18785362.mp3,class action suit against China Airlines Airbus industrie for compensation,0.930198848
Google,The town's source of electricity is the nearby Sor Hydroelectric Station.,2,0,teens,male,singapore,en,,11,TRUE,FALSE,common_voice_en_21783502.mp3,bounce off of electricity is the nearby soul hydroelectric station,0.741833508
Google,I don't think there'll be any more.,3,0,thirties,male,singapore,en,,7,TRUE,FALSE,common_voice_en_19196425.mp3,I don't think there'll be any more,0.961870551
Google,"The riding was named after the small town of Pakan, Alberta.",2,0,teens,male,singapore,en,,11,TRUE,FALSE,common_voice_en_20858426.mp3,the writing was named after the small town of Alberta,0.905056596
Google,Second unit director can be a stepping stone for aspiring directors to gain experience.,2,0,teens,male,singapore,en,,14,TRUE,FALSE,common_voice_en_20860913.mp3,second unit director can be a stepping stone for aspiring directors to gain experience,0.881972849
Google,Bernard Cornwell's fictional character Richard Sharpe was named after him.,2,0,twenties,male,singapore,en,,10,TRUE,FALSE,common_voice_en_18722195.mp3,Cornwell's fictional character Richard Sharp,0.782334626
Google,Napoleon was concerned about Russia's intentions in the strategically vital Bosporus and Dardanelles straits.,2,1,teens,male,singapore,en,,14,TRUE,FALSE,common_voice_en_20859856.mp3,Napoleon was concerned about Russia's intentions in the Strategic streets,0.903547406
Google,"""Never to come on a green twig;"" not to get on in the world.",2,0,twenties,male,singapore,en,,14,TRUE,FALSE,common_voice_en_17393010.mp3,navigate to Coffman a green twig not to get on in the world,0.909329057
Google,He received the Blue Water Medal for his victory.,2,0,teens,male,singapore,en,,9,TRUE,FALSE,common_voice_en_20879079.mp3,repeat the Blue Water Metal Place victory,0.690353811
Google,Trenches were dug across the surrounding area to prevent an airborne attack.,2,0,teens,male,singapore,en,,12,TRUE,FALSE,common_voice_en_20860082.mp3,princess with dog across the surrounding area to prevent an Airborne attack,0.96202904
Google,"Similarly, pop art was both an extension and a repudiation of Dadaism.",2,1,teens,male,singapore,en,,12,TRUE,FALSE,common_voice_en_20866797.mp3,lollipop has been an extension and a repudiation dadaism,0.78434521
Google,He was on the mound when the final out was recorded.,2,0,twenties,male,singapore,en,,11,TRUE,FALSE,common_voice_en_23841252.mp3,,0
Google,The couple also spent significant amounts of time in Geneva and Paris.,3,0,twenties,male,singapore,en,,12,TRUE,FALSE,common_voice_en_18923785.mp3,spend significant amounts of time in Geneva and Paris,0.835500717
Google,His abstract paintings are a mixture of acrylics and pen drawings.,2,0,twenties,male,singapore,en,,11,TRUE,FALSE,common_voice_en_21947113.mp3,,0
Google,I was glad to hear this.,2,0,twenties,male,singapore,en,,6,TRUE,FALSE,common_voice_en_18515918.mp3,I was glad to hear this,0.986981452
Google,"The Reliant Robin aimed to provide economical, predictable personal transportation.",2,0,twenties,male,singapore,en,,10,TRUE,FALSE,common_voice_en_18785402.mp3,,0
Google,The greater reactivity of chlorate is typical – perchlorates are kinetically poorer oxidants.,2,1,twenties,male,singapore,en,,13,TRUE,FALSE,common_voice_en_18722346.mp3,,0
Google,A single fief will generally contain a variety of these weapons among its members.,2,1,thirties,male,singapore,en,,14,TRUE,FALSE,common_voice_en_19118514.mp3,a single Thief will generally contain a variety of these weapons among its members,0.92601645
Google,Vicary was unable to ever reproduce the results of his experiments.,2,1,teens,male,singapore,en,,11,TRUE,FALSE,common_voice_en_20879076.mp3,the greatest animal to ever reproduce the results of his experiments,0.900724828
Google,‘How did I do it?’ he inquired.,2,0,twenties,female,singapore,en,,7,TRUE,FALSE,common_voice_en_20034680.mp3,how did I do it,0.979741752
Google,One of the most significant differences was the coordinate system.,2,0,twenties,male,singapore,en,,10,TRUE,FALSE,common_voice_en_21946936.mp3,brand new Camaro significance,0.532554388
Google,The rooftop was tiled with ceramic and terracotta tiles.,2,0,teens,male,singapore,en,,9,TRUE,FALSE,common_voice_en_21783510.mp3,the rooftop was taught with ceramic and terracotta tiles,0.797559679
Google,Can't say I mind either way.,2,0,twenties,male,singapore,en,,6,TRUE,FALSE,common_voice_en_18515921.mp3,can't say I mind by the way,0.714014053
Google,It is the property of sound that most determines pitch.,2,0,teens,male,singapore,en,,10,TRUE,FALSE,common_voice_en_20791688.mp3,it is the property of sound that most determines pitch,0.975144684
Google,"However, it is served from a Lower Austrian mail distribution centre.",2,0,teens,male,singapore,en,,11,TRUE,FALSE,common_voice_en_19020932.mp3,however it is so formal Australian mail distribution center,0.740371466
Google,And so it proved.,2,0,teens,male,singapore,en,,4,TRUE,FALSE,common_voice_en_13714927.mp3,and so it proved,0.931114674
Google,Guests can use a full practice range and separate short-game facility.,2,0,teens,male,singapore,en,,11,TRUE,FALSE,common_voice_en_20894843.mp3,guests can use a full practice range and separate short game facility,0.928955138
Google,"No one spoke, everyone shouted.",2,0,teens,male,singapore,en,,5,TRUE,FALSE,common_voice_en_20860018.mp3,no one spoke everyone shelter,0.953992546
Google,The third Dalai Lama studied at Drepung Monastery and became its abbot.,2,0,teens,male,singapore,en,,12,TRUE,FALSE,common_voice_en_20876202.mp3,set the alarm a study that Japan Ministry and became its habit,0.542508662
Google,Each class is composed of multiple divisions and then sections.,2,0,twenties,male,singapore,en,,10,TRUE,FALSE,common_voice_en_18722308.mp3,,0
Google,Have you prepared for tomorrow's Geography quiz?,2,0,twenties,male,singapore,en,,7,TRUE,FALSE,common_voice_en_17345928.mp3,have you prepared for tomorrow's geography quiz,0.958446085
Google,Where is my dress?,2,0,,,singapore,en,,4,TRUE,FALSE,common_voice_en_17284354.mp3,where is my dress,0.737171113
Google,Often called 'Sanna' in Sweden.,2,0,teens,male,singapore,en,,5,TRUE,FALSE,common_voice_en_20879368.mp3,Hopton Court Saga in Sweden,0.761471629
Google,"""You're a good lad, you know?"" he told his son with stern eyes.",2,0,twenties,male,singapore,en,,13,TRUE,FALSE,common_voice_en_17345216.mp3,you're a good lad you know he caught his son with sun eyes,0.797330201
Google,Openness can be said to be the opposite of secrecy.,2,0,teens,male,singapore,en,,10,TRUE,FALSE,common_voice_en_20858459.mp3,open this can be set to be the opposite of secrecy,0.843828619
Google,The lawyer looks down over the hand-rail.,2,1,twenties,male,singapore,en,,7,TRUE,FALSE,common_voice_en_21947187.mp3,the light of town with a Henry o,0.807930946
Google,Final mixing was performed at Crystal Sound.,2,0,teens,male,singapore,en,,7,TRUE,FALSE,common_voice_en_21275141.mp3,final mixing was performed at Crystal sound,0.864733338
Google,It has tourist attractions like spas.,2,0,teens,male,singapore,en,,6,TRUE,FALSE,common_voice_en_20858394.mp3,yes tourist attractions tax pass,0.837402165
Google,One soldier was killed in action due to a roadside bomb in Iraq.,2,1,teens,male,singapore,en,,13,TRUE,FALSE,common_voice_en_20877985.mp3,one soldier was killed in action due to a roadside bomb in Iraq,0.952422738
Google,"He also served as director of the ""Portage Women's Shelter"".",2,0,teens,male,singapore,en,,10,TRUE,FALSE,common_voice_en_21117655.mp3,what's up and director of the Portage women's shelter,0.899769902
Google,Daphne is surprised to see Ethan at the competition.,2,0,teens,male,singapore,en,,9,TRUE,FALSE,common_voice_en_21303369.mp3,Daphne surprised to see Ethan at competition,0.775017738
Google,"It is about forty kilometres east of Prince Albert, Saskatchewan.",2,0,twenties,male,singapore,en,,10,TRUE,FALSE,common_voice_en_18722151.mp3,it is about 40 kilometres east of Prince Albert Saskatchewan,0.924191952
Google,"Me too, so I try to get plenty wherever I go.",2,0,twenties,male,singapore,en,,11,TRUE,FALSE,common_voice_en_17393105.mp3,me too so I tried to get plenty Wherever I Go,0.819581747
Google,"Right, well let's poke around his lab a little.",2,1,twenties,male,singapore,en,,9,TRUE,FALSE,common_voice_en_17345195.mp3,right well let's poke around his lab a little,0.789948761
Google,She retracted her statement.,2,1,teens,male,singapore,en,,4,TRUE,FALSE,common_voice_en_13714926.mp3,he retracted his statement,0.904306889
Google,"This process is known as ""electron-hole pair generation"".",2,0,teens,male,singapore,en,,8,TRUE,FALSE,common_voice_en_20858496.mp3,this process is known as electron hole pair generation,0.853667378
Google,"Even with night-vision goggles, no target was in sight.",2,0,twenties,male,singapore,en,,9,TRUE,FALSE,common_voice_en_18515929.mp3,even with night vision goggles no target was inside,0.936329007
Google,The center is on land that had been occupied by a surface parking lot.,2,1,teens,male,singapore,en,,14,TRUE,FALSE,common_voice_en_21275189.mp3,the center is online to have it occupied by a surface parking lot,0.86693579
Google,They were a small group that made their ideology very clear.,2,0,teens,male,singapore,en,,11,TRUE,FALSE,common_voice_en_21275211.mp3,they were small group that made their ideology very clear,0.80931443
Google,"Instead, it's a relic.",2,1,twenties,male,singapore,en,,4,TRUE,FALSE,common_voice_en_18722244.mp3,,0
Google,"The company was acquired by the Cummins Engine Company of Columbus, Indiana.",2,1,teens,male,singapore,en,,12,TRUE,FALSE,common_voice_en_20860125.mp3,the company was acquired by the Cummins engine company of Columbus Indiana,0.946073294
Google,Their root zones are superb micro-sites for bacterial communities.,2,0,twenties,male,singapore,en,,9,TRUE,FALSE,common_voice_en_18722264.mp3,the root zones of the rechabites,0.873005092
Google,Did you know that Mohammad was so good at tennis?,2,0,twenties,male,singapore,en,,10,TRUE,FALSE,common_voice_en_17392960.mp3,did you know that Muhammad was so good at tennis,0.955634117
Google,It is located near the source of the Wapsipinicon River.,2,0,twenties,male,singapore,en,,10,TRUE,FALSE,common_voice_en_20674594.mp3,it is located near the source of the Wapsipinicon River,0.98593986
Google,More friendly relations were established as the road construction increased.,2,0,teens,male,singapore,en,,10,TRUE,FALSE,common_voice_en_20894842.mp3,most friendly relations were established is the road construction increased,0.888406575
Google,Vonnegut's Terry Kitchen was a talented member of the Abstract Expressionist movement.,2,1,twenties,male,singapore,en,,12,TRUE,FALSE,common_voice_en_18722414.mp3,barcodes,0.612174273
Google,"The Brighton main line is adjacent, but is not served by this station.",2,0,twenties,male,singapore,en,,13,TRUE,FALSE,common_voice_en_23841199.mp3,the Brighton main line is a Jason but it's not stuff by the station,0.753172755
Google,The area of Skigersta near the shore is called 'Lachamore'.,2,0,teens,male,singapore,en,,10,TRUE,FALSE,common_voice_en_20879351.mp3,the area of skin just the nearest Shaws caught like a mall,0.669546664
Google,"No offense, but your agility leaves a lot to be desired.",2,1,twenties,male,singapore,en,,11,TRUE,FALSE,common_voice_en_17393000.mp3,no offense but your agility leaves a lot to be desired,0.983836412
Google,Are children more creative than adults?,2,0,twenties,male,singapore,en,,6,TRUE,FALSE,common_voice_en_17392983.mp3,are children more creative than adults,0.967427194
Google,He was replaced by Katie Hopkins.,2,0,teens,male,singapore,en,,6,TRUE,FALSE,common_voice_en_20861068.mp3,you must have faced by Katie Hopkins,0.910574138
Google,The color of hematite lends itself to use as a pigment.,2,0,twenties,male,singapore,en,,11,TRUE,FALSE,common_voice_en_18785348.mp3,the color of Hamilton's lends itself to use as a pigment,0.922153831
Google,"Stewart was married four times, most notably to Margaret Hockridge.",2,0,teens,male,singapore,en,,10,TRUE,FALSE,common_voice_en_21783501.mp3,Gilbert was married four times most notably to Margaret Hawk Ridge,0.846417189
Google,"""I don't understand Shakespeare's sonnets at all, but I follow his tragedies,"" he said.",2,0,teens,male,singapore,en,,14,TRUE,FALSE,common_voice_en_20860155.mp3,I don't understand Shakespeare sonnets all by followers tragedies he said,0.899049699
Google,"A wink is as good as a nod, to a blind man.",2,0,teens,male,singapore,en,,12,TRUE,FALSE,common_voice_en_17250776.mp3,a wink is as good as a nod to a blind man,0.986246407
Google,"Remember to take your full course of antibiotics, stopping early is dangerous for your health.",2,0,teens,male,singapore,en,,15,TRUE,FALSE,common_voice_en_17250766.mp3,remember to take your food course of antibiotics stopping at least dangerous for your health,0.951174557
Google,I'm afraid it is important.,2,0,teens,male,singapore,en,,5,TRUE,FALSE,common_voice_en_107220.mp3,I'm afraid it is important,0.95670414
Google,Your crew will do the mop up job.,2,0,teens,male,singapore,en,,8,TRUE,FALSE,common_voice_en_114764.mp3,your crew will do the mop up jump,0.769651353
Google,He gave the door handle an apologetic rattle.,2,0,twenties,male,singapore,en,,8,TRUE,FALSE,common_voice_en_18515920.mp3,he gives it to a handle Unapologetic rattle,0.890430093
Google,"To my satisfaction, I have been mentioned in the credits for my proficiency.",2,0,,,singapore,en,,13,TRUE,FALSE,common_voice_en_17284345.mp3,to my satisfaction I have been mentioned in the credits for my proficiency,0.966488898
Google,Simon was born in Stockholm to an American father and a Norwegian mother.,2,1,teens,male,singapore,en,,13,TRUE,FALSE,common_voice_en_20876387.mp3,Simon was going to still come to an American father and a Norwegian mother,0.867201447
Google,The following month Packer unexpectedly resigned from the board.,2,0,thirties,male,singapore,en,,9,TRUE,FALSE,common_voice_en_18844125.mp3,the following month Packer unexpectedly resigned from the board,0.922526598
Google,"She together with Yan, go live in an orphanage since Yan was running it.",2,0,teens,male,singapore,en,,14,TRUE,FALSE,common_voice_en_21117392.mp3,Cheetah Girl baby I don't live in an orphanage since yet,0.743302584
Google,"Gibson has resided with his family in Summit, New Jersey.",2,0,teens,male,singapore,en,,10,TRUE,FALSE,common_voice_en_20860231.mp3,Gibson has resided with his family in Summit New Jersey,0.977364242
