sentence,up_votes,down_votes,age,gender,accent,locale,segment,sentence_len,is_asian,us_eu,filename,transcript,confidence
"At first they were considered ""Stegosaurus"" exemplars.",2,0,twenties,female,hongkong,en,,7,True,False,common_voice_en_22630065.mp3,at first they were considered stegosaurus exemplars,0.9797573685646057
The game contains many references to the Bible.,2,1,thirties,male,hongkong,en,,8,True,False,common_voice_en_20544026.mp3,the game contains many reference to the Bible,0.8961095213890076
Don’t be a fool!,2,0,fourties,male,hongkong,en,,4,True,False,common_voice_en_17787387.mp3,don't be a fool,0.9836026430130005
Prospect Hill's science offerings include physics.,2,0,twenties,male,hongkong,en,,6,True,False,common_voice_en_22969285.mp3,Prospect shoes signs offerings include music,0.7964808940887451
They have all four properties described above.,2,0,twenties,male,hongkong,en,,7,True,False,common_voice_en_22423410.mp3,they have all fall properties described as a boss,0.6890213489532471
You've got just ten minutes.,3,0,thirties,male,hongkong,en,,5,True,False,common_voice_en_17663.mp3,Jill Scott just 10 minutes,0.7313458919525146
It was cancelled early in its second season.,2,0,twenties,male,hongkong,en,,8,True,False,common_voice_en_21786381.mp3,it was canceled early in the second season,0.9226147532463074
"No, you cannot have that lollipop.",2,0,twenties,male,hongkong,en,,6,True,False,common_voice_en_17264229.mp3,no you cannot to have that lollipop,0.8493836522102356
"""You have plenty of courage, I am sure,"" answered Oz.",2,1,twenties,male,hongkong,en,,10,True,False,common_voice_en_18441981.mp3,you have plenty of Courage I'm sure I'm through results,0.7276867628097534
It has been so long since I have seen you!,2,0,fourties,male,hongkong,en,,10,True,False,common_voice_en_17816517.mp3,it has been so long since I have seen you,0.9474014043807983
"The team colours are blue, white and black.",2,0,twenties,male,hongkong,en,,8,True,False,common_voice_en_22257412.mp3,the team colors of blue white and black,0.9122958183288574
"He saw the cabs waiting, the people passing.",2,0,twenties,male,hongkong,en,,8,True,False,common_voice_en_20867349.mp3,you saw the cats mating the people passing,0.8139944076538086
This could be used as a protection when a tribune needed to arrest someone.,2,0,twenties,male,hongkong,en,,14,True,False,common_voice_en_20912992.mp3,this could be used as a protection when a Tribune needed to arrest someone,0.8964215517044067
"Complaints eventually became loud enough that they decided ""something"" had to be done.",2,0,twenties,male,hongkong,en,,13,True,False,common_voice_en_22355867.mp3,I'm glad you went 48 between law that something had to be done,0.7233750820159912
At the moment it doesn't provide a weekend news service.,2,0,twenties,male,hongkong,en,,10,True,False,common_voice_en_21786191.mp3,at the moment it doesn't provide a week and new service,0.8246198892593384
Don’t worry about me.,2,0,fourties,male,hongkong,en,,4,True,False,common_voice_en_17776615.mp3,don't worry about me,0.9831615686416626
They ask for approval without examination of the reason.,2,1,twenties,male,hongkong,en,,9,True,False,common_voice_en_22257423.mp3,they ask for approval without examination of the reason,0.8476259112358093
Goats always have a better view.,2,0,thirties,male,hongkong,en,,6,True,False,common_voice_en_17613.mp3,goats always have a bath of,0.7144172191619873
He left service with the rank of commander.,2,0,twenties,male,hongkong,en,,8,True,False,common_voice_en_22248437.mp3,aleph service with the rank of Commander,0.897692084312439
Writing credits and songs' lengths are in accord with album's inner notes.,2,0,,,hongkong,en,,12,True,False,common_voice_en_22445724.mp3,writing credits and songs length in a code with album.,0.8763777613639832
It is one of seven state roads that travel through the city of Chicago.,2,0,twenties,male,hongkong,en,,14,True,False,common_voice_en_22257990.mp3,and this is one of seven State rose that travel through the city of Chicago,0.8525413870811462
A conservative.,2,1,fourties,male,hongkong,en,,2,True,False,common_voice_en_17799195.mp3,a conservative,0.8974581956863403
The organization was originally known as the Commandant's Warfighting Laboratory.,2,0,teens,male,hongkong,en,,10,True,False,common_voice_en_22177351.mp3,"the organization is orange Ali known as stew, Don's for fighting Laboratory",0.8338479399681091
"I haven't played around with that yet, but I'd love to hear if you have in the comments.",2,1,fourties,male,hongkong,en,,18,True,False,common_voice_en_219302.mp3,I haven't played around with that yet but I'd love to hear if you have in the comments,0.9809677600860596
"Also, when you play it live, it just kind of gets boring.",2,0,thirties,male,hongkong,en,,12,True,False,common_voice_en_22606561.mp3,oh so when you play your life it just kind of gets boring,0.8194373846054077
"It is long, and graded ""Very Difficult"".",2,0,teens,male,hongkong,en,,7,True,False,common_voice_en_18987958.mp3,it is long on the credit wire difficult,0.6562723517417908
William was naturally driven by this to oppose King Henry.,2,0,twenties,male,hongkong,en,,10,True,False,common_voice_en_22355775.mp3,medium what network do you mean by a Holstein hurry,0.6417912840843201
Where did you say this man worked?,2,0,fourties,male,hongkong,en,,7,True,False,common_voice_en_17808853.mp3,where did you say this man work,0.8632060289382935
His term as premier is regarded by historians as a failure.,2,0,twenties,male,hongkong,en,,11,True,False,common_voice_en_23377193.mp3,is time as camera is recorded by historian as a failure,0.8435682654380798
"Man proposes, God disposes.",2,1,twenties,male,hongkong,en,,4,True,False,common_voice_en_17247255.mp3,man proposes God disposes,0.9840223789215088
How could you even think that?,2,0,thirties,male,hongkong,en,,6,True,False,common_voice_en_214017.mp3,how could you even think that,0.9837674498558044
They have a black tail with white outer feathers.,2,1,twenties,male,hongkong,en,,9,True,False,common_voice_en_22257650.mp3,I have a black tail with white salt or feathers,0.8409422039985657
What do you think?,2,0,thirties,male,hongkong,en,,4,True,False,common_voice_en_214018.mp3,what do you think,0.9823390245437622
Harrison has since made periodic appearances on a recurring capacity.,2,0,twenties,female,hongkong,en,,10,True,False,common_voice_en_22630060.mp3,Harrison has been made periodic appearances on a recurring capacity,0.9181941151618958
The hottest month is July and the coldest is February.,2,0,thirties,male,hongkong,en,,10,True,False,common_voice_en_22449628.mp3,the hottest month is July in the coldest it's ever marry,0.8934417366981506
"Operating an engine in this area is known as ""redlining"".",2,1,twenties,female,hongkong,en,,10,True,False,common_voice_en_23239232.mp3,operating the engine in this area is known as redlining,0.9705071449279785
While the cats away the mice play.,2,1,fourties,male,hongkong,en,,7,True,False,common_voice_en_17782213.mp3,while the cat's away the mice play,0.955782413482666
"The man looked up from his book and, noticing nothing newsworthy, returned his gaze to the page and continued reading.",2,0,fourties,male,hongkong,en,,20,True,False,common_voice_en_17776745.mp3,the man looked up from his book and noticing nothing newsworthy return his gaze to the page and continue reading,0.8369347453117371
Let's go to something!,2,1,thirties,female,hongkong,en,,4,True,False,common_voice_en_20751487.mp3,go to something,0.9107697606086731
Do as I say not as I do.,2,1,fourties,male,hongkong,en,,8,True,False,common_voice_en_17816539.mp3,do-as-i-say-not-as-i-do,0.9876290559768677
I need ten dollars.,2,0,thirties,male,hongkong,en,,4,True,False,common_voice_en_17620.mp3,dollars,0.9545038938522339
The nearest airfield is Bluefields Airport.,2,0,twenties,male,hongkong,en,,6,True,False,common_voice_en_22248809.mp3,the nearest airfield Airport,0.6755365133285522
To take a drop too much.,2,0,fourties,male,hongkong,en,,6,True,False,common_voice_en_17782890.mp3,take a drop too much,0.967158317565918
That's got nothing to do with it!,3,0,thirties,male,hongkong,en,,7,True,False,common_voice_en_17618.mp3,that's got nothing to do with it,0.9650453329086304
It can be relieved by moving stock into shade.,2,0,twenties,male,hongkong,en,,9,True,False,common_voice_en_22423375.mp3,it can be relieved by moving stock into shade,0.9453064799308777
The album was inspired by his divorce from his ex-wife.,2,0,twenties,male,hongkong,en,,10,True,False,common_voice_en_22248762.mp3,the album was inspired by his divorce from his ex-wife,0.9761185646057129
They are not oppressed to the stem.,2,1,twenties,female,hongkong,en,,7,True,False,common_voice_en_22979095.mp3,do you know of Crest to the scene,0.6709010601043701
The Kagawong River consists of two parts.,2,0,,male,hongkong,en,,7,True,False,common_voice_en_22913020.mp3,the caca one week bro consists of two parts,0.5947349071502686
The Connecticut Wits eventually followed their interests in divergent directions.,2,1,,,hongkong,en,,10,True,False,common_voice_en_22445754.mp3,interested,0.8015464544296265
"Such individuals may be detained indefinitely in ""ankang"" centres.",2,0,twenties,female,hongkong,en,,9,True,False,common_voice_en_22940328.mp3,such individuals may be detained indefinitely in on Town centers,0.9560373425483704
Least Heat-Moon has Osage and European-American ancestry.,2,0,twenties,male,hongkong,en,,7,True,False,common_voice_en_21786276.mp3,least heat-moon sausage and European American ancestry,0.9277892112731934
"The industries most commonly affected are banking, manufacturing, and government.",2,0,twenties,male,hongkong,en,,10,True,False,common_voice_en_22248779.mp3,the industry's most commonly affected a banking manufacturing & Kaufman,0.8554431200027466
The pirates seized the crew of the lost ship.,2,0,fourties,male,hongkong,en,,9,True,False,common_voice_en_17799162.mp3,Papyrus sees the crew of Battleship,0.8926229476928711
My hamster turned my homework into bedding.,3,0,thirties,male,hongkong,en,,7,True,False,common_voice_en_17733.mp3,my hamster turned my homework into bedding,0.9772253036499023
"He mashed in the controller buttons, hoping for some extra speed.",3,1,thirties,male,hongkong,en,,11,True,False,common_voice_en_17709.mp3,he mastered in the controller buttons hoping for some extra speed,0.9024977087974548
They're on their way.,2,1,thirties,male,hongkong,en,,4,True,False,common_voice_en_17610.mp3,they're on their way,0.946773886680603
The lure is used to catch trout and flounder.,2,0,fourties,male,hongkong,en,,9,True,False,common_voice_en_17787381.mp3,Dolores used to catch trout and Flounder,0.9198479056358337
Rabbit remains unswayed and returns home.,2,0,twenties,male,hongkong,en,,6,True,False,common_voice_en_22248403.mp3,rabbit we may stand Sway and returns home,0.6796068549156189
He affiliated himself with the Free Soil Party and was later a Republican.,2,0,twenties,female,hongkong,en,,13,True,False,common_voice_en_22630030.mp3,he Affiliated himself with the Free-Soil Party and was later a Republican,0.9625350832939148
Did you know that Nikola was going to join us?,2,0,twenties,male,hongkong,en,,10,True,False,common_voice_en_17264418.mp3,did you know that Nicola was going to join us,0.9380677938461304
The swan dive was far short of perfect.,2,0,fourties,male,hongkong,en,,8,True,False,common_voice_en_17776698.mp3,Swan Dive was fall short of perfect,0.8812198638916016
"This however, was his only attempt at Formula One.",2,0,twenties,male,hongkong,en,,9,True,False,common_voice_en_22248513.mp3,this however what is only attempt at Formula 1,0.7950453758239746
"Low-rate production would lead to type-classification, resulting in removing the ""X"" from its designation.",2,0,twenties,male,hongkong,en,,14,True,False,common_voice_en_22248431.mp3,low-wage potassium would lead to type of classification resulting in removing assassination,0.8846396803855896
The restoration also addressed decorative and environmental improvements to the building.,2,0,teens,male,hongkong,en,,11,True,False,common_voice_en_22224664.mp3,every story should also attract decorative and environmental improvements to the Buddha,0.9238312840461731
"All songs written by Peter Buck, Mike Mills, and Michael Stipe unless otherwise indicated.",2,0,twenties,male,hongkong,en,,14,True,False,common_voice_en_22400682.mp3,all songs written by Petersburg Mike Mills and microchips spit unless otherwise indicated,0.8198352456092834
The building has been designated by English Heritage as a Grade One listed building.,2,0,twenties,female,hongkong,en,,14,True,False,common_voice_en_22437940.mp3,the building has been decimated by English Heritage s grade one listed building,0.8906993269920349
"He played college football for the University of Florida, and earned All-American honors.",2,1,twenties,male,hongkong,en,,13,True,False,common_voice_en_22377282.mp3,we played flag football for the University of Florida,0.8627124428749084
The demand was scarce.,2,0,twenties,male,hongkong,en,,4,True,False,common_voice_en_23383935.mp3,Pokemon will stay good,0.5568161010742188
"In the same year, the United States Army built a telegraph station.",2,0,twenties,female,hongkong,en,,12,True,False,common_voice_en_22979093.mp3,in the same year to United States Army go to Telegraph station,0.866221010684967
This is similar to what happens when humans breathe or drink through a straw.,2,0,twenties,male,hongkong,en,,14,True,False,common_voice_en_23802590.mp3,this is similar to what happens when humans we eat or drink through a straw,0.9531411528587341
"Historic mills were usually powered by water, wind or horse power.",2,1,twenties,male,hongkong,en,,11,True,False,common_voice_en_17737894.mp3,historic news where you sweep out the pie Waterway no house power,0.6578565239906311
Every Jack has his Jill.,2,0,twenties,male,hongkong,en,,5,True,False,common_voice_en_17737893.mp3,Happy Jack's have kissed you,0.5262166857719421
She began her career as an economist at the World Bank.,2,0,teens,male,hongkong,en,,11,True,False,common_voice_en_18978482.mp3,she began her career as I ignore Mist as a ward back,0.8110613226890564
He first gained notice as an assistant district attorney in Philadelphia.,2,0,,male,hongkong,en,,11,True,False,common_voice_en_22913085.mp3,he first gained notice as an assistant district attorney in Philadelphia,0.9723597168922424
Many retain their original window stickers.,2,0,twenties,male,hongkong,en,,6,True,False,common_voice_en_22355865.mp3,98 original window sticker,0.9690240025520325
The medal was worn on the upper right side of the chest.,2,0,twenties,male,hongkong,en,,12,True,False,common_voice_en_22423363.mp3,the Matawan on the upper right side of the chest,0.8956939578056335
Almost nothing is known about its characteristics.,2,0,twenties,female,hongkong,en,,7,True,False,common_voice_en_22437967.mp3,almost nothing is known about his characteristics,0.8882932662963867
It shall be done!,2,0,fourties,male,hongkong,en,,4,True,False,common_voice_en_17782881.mp3,it shall be done,0.9672977328300476
But I'm liable to get into a jam.,2,1,fourties,male,hongkong,en,,8,True,False,common_voice_en_219324.mp3,but I'm liable to get into a jam,0.9877190589904785
A later letter informs Watanabe that Naoko has killed herself.,3,2,twenties,male,hongkong,en,,10,True,False,common_voice_en_23383926.mp3,Olathe that sells informs waterbed that now go has killed herself,0.8420634865760803
It is owned by Concord Bicycle Music.,2,0,twenties,male,hongkong,en,,7,True,False,common_voice_en_21786688.mp3,it is owned by Concord bicycle music,0.9703291058540344
I have a headache and a sore throat.,2,0,fourties,male,hongkong,en,,8,True,False,common_voice_en_17776605.mp3,I have a headache and a sore throat,0.9876289963722229
Regional municipalities are found only in Southern Ontario.,2,1,twenties,male,hongkong,en,,8,True,False,common_voice_en_21786544.mp3,Legion of municipalities are only found in Southern Ontario,0.9323798418045044
"In a cinematic rope-down maneuver, the special forces overwhelmed the criminals.",2,0,fourties,male,hongkong,en,,11,True,False,common_voice_en_17787324.mp3,Anna cinematic rubdown maneuver the Special Forces overwhelmed the criminals,0.8574787378311157
The game is set in the world of Vikings and Norse mythology.,2,1,thirties,male,hongkong,en,,12,True,False,common_voice_en_22449613.mp3,the game is set in the world of Vikings in North mythology,0.9838427901268005
"Six days later, the station reopened with a temporary building.",2,0,twenties,male,hongkong,en,,10,True,False,common_voice_en_22257618.mp3,6 days later the station reopened a temporary building,0.8806073665618896
The greater number of strings offers almost endless possibilities.,2,0,,male,hongkong,en,,9,True,False,common_voice_en_22913432.mp3,the greater number of strings offers almost endless possibilities,0.9539616107940674
Saint Moling founded a monastery on the River Barrow.,2,1,twenties,male,hongkong,en,,9,True,False,common_voice_en_22248807.mp3,thank you morning found a monastery on the reefer power,0.8563810586929321
"Two seasons later, a second-placed finish saw them promoted back to the Premier Division.",2,0,twenties,female,hongkong,en,,14,True,False,common_voice_en_22967845.mp3,two seasons later a second-place finish Sergeant promoted back to the Premier Division,0.8791478276252747
The Pistons traded Hill to Orlando for Chucky Atkins and Ben Wallace.,2,0,twenties,female,hongkong,en,,12,True,False,common_voice_en_22940330.mp3,the Pistons traded Hill to Orlando for Chucky Atkins and Ben Wallace,0.9503436088562012
"Morris was born in Radcliffe, Lancashire.",2,0,twenties,male,hongkong,en,,6,True,False,common_voice_en_21786746.mp3,Morris was born in Radcliffe Lancashire,0.8760087490081787
It is the only major A-road in Australia that is partially unsealed.,2,0,,,hongkong,en,,12,True,False,common_voice_en_22445694.mp3,what is the only measure a road in Australia,0.7997183203697205
The public market is in the area.,2,1,twenties,male,hongkong,en,,7,True,False,common_voice_en_23592781.mp3,the public market is in the area,0.9063082337379456
"As a result, conventional military strategies often demand possession of high ground.",2,0,thirties,female,hongkong,en,,12,True,False,common_voice_en_22332460.mp3,as a result conventional military strategies of the demonic possession of high ground,0.9018036127090454
A number of people have hailed from Nyeri County.,2,0,twenties,male,hongkong,en,,9,True,False,common_voice_en_21786168.mp3,a number of people of held from Niagara County,0.8345777988433838
It can loosely be defined as the inverse of the reaction rate.,2,0,twenties,male,hongkong,en,,12,True,False,common_voice_en_22423376.mp3,you can do CPT find a nasty in purse of the reaction rate,0.7868525385856628
Once you get familiar with it you will want to use it for everything.,3,0,thirties,male,hongkong,en,,14,True,False,common_voice_en_17567.mp3,what's get familiar with that you will want to use it for everything,0.8594546914100647
I'm always up before the sun has risen.,2,0,twenties,male,hongkong,en,,8,True,False,common_voice_en_18441986.mp3,I'm always up before the sun has blighted,0.9557902812957764
Organisms typically cannot metabolize all types of carbohydrate to yield energy.,2,1,twenties,male,hongkong,en,,11,True,False,common_voice_en_22257847.mp3,organisms typically cannot metabolize all types of carbohydrate to you energy,0.929294764995575
The pods of peas ferment in bare fields.,2,0,fourties,male,hongkong,en,,8,True,False,common_voice_en_17853220.mp3,Apostle of Peace Furman in Fairfield,0.7419983744621277
Grasp no more than thy hand will hold.,2,0,fourties,male,hongkong,en,,8,True,False,common_voice_en_17816584.mp3,cross no more than die hand with her,0.7585465312004089
We must therefore conclude that he had no such pretensions.,2,0,twenties,male,hongkong,en,,10,True,False,common_voice_en_22245628.mp3,we must therefore conclude that he had no such pretensions,0.9269976615905762
It has also been asserted that this questions the peer review process.,2,0,twenties,male,hongkong,en,,12,True,False,common_voice_en_21786163.mp3,it has also demonstrated that this question is the peer-review process,0.8177734613418579
You wouldn't mind living in the nicest house in town.,3,0,thirties,male,hongkong,en,,10,True,False,common_voice_en_214005.mp3,it wouldn't mind living in the nicest house in Charmed,0.925323486328125
Before he gets through tonight he'll ruin us all!,4,2,thirties,male,hongkong,en,,9,True,False,common_voice_en_17771.mp3,before he gets through tonight he will ruin us all,0.9568676948547363
"Not just that, I have a feeling I'll be helping you track down your wayward researcher as well.",2,0,fourties,male,hongkong,en,,18,True,False,common_voice_en_17787339.mp3,I'll just that I have a feeling I'll be helping you track down your wayward researcher as well,0.8995473384857178
All cats are grey in the dark.,2,0,fourties,male,hongkong,en,,7,True,False,common_voice_en_17799199.mp3,all cats are grey in the dark,0.8200449347496033
"Nowadays, there are hydroelectric power stations in use.",2,1,twenties,male,hongkong,en,,8,True,False,common_voice_en_23786951.mp3,nowadays there are hydroelectric power stations in use,0.9426014423370361
Sarah told him that she was there to see her brother.,2,1,fourties,male,hongkong,en,,11,True,False,common_voice_en_17816540.mp3,Sarah told him that she was there to see her brother,0.9167436957359314
The Ocklawaha Hotel catered to the wealthy.,2,0,twenties,male,hongkong,en,,7,True,False,common_voice_en_23383929.mp3,Okinawa hotel located to the Ralphie,0.8695563673973083
His great-granddaughter Margaret Biddle married Thomas Biddle of the Biddle family of Philadelphia.,2,0,thirties,male,hongkong,en,,13,True,False,common_voice_en_22449599.mp3,"his great-granddaughter Margaret Biddle married, settle the little family of Philadelphia",0.813016951084137
"Doctor, we have a medical emergency, and we need you at the emergency room now.",2,0,fourties,male,hongkong,en,,15,True,False,common_voice_en_17782884.mp3,doctor we have a medical emergency and we need you at the emergency room now,0.9423326849937439
These sausages are extremely tasty.,2,0,fourties,male,hongkong,en,,5,True,False,common_voice_en_219297.mp3,these sausages are extremely tasty,0.9751133918762207
And I'm going to build things.,3,0,thirties,male,hongkong,en,,6,True,False,common_voice_en_17693.mp3,and I'm going to view things,0.8907015919685364
"""I started my family from scratch again,"" he said.",2,0,twenties,male,hongkong,en,,9,True,False,common_voice_en_22378001.mp3,I started my family from scratch together is that,0.823198676109314
"The little girl wanted to have a balloon, but was too shy to ask.",2,0,fourties,male,hongkong,en,,14,True,False,common_voice_en_17776695.mp3,a little girl wanted to have a balloon that was too shy to ask,0.9317328333854675
I am supposed to be here.,2,1,fourties,male,hongkong,en,,6,True,False,common_voice_en_17782223.mp3,I'm supposed to be here,0.9870327711105347
Home is where the heart is.,2,0,fourties,male,hongkong,en,,6,True,False,common_voice_en_17860946.mp3,home is where the heart is,0.9789966940879822
"The site is owned by ""The Chronicle of Higher Education"".",2,0,twenties,male,hongkong,en,,10,True,False,common_voice_en_22245624.mp3,the site is owned by the Conoco of higher education,0.8906761407852173
"Although she is beautiful, she would rather be with the horses than with men.",2,0,twenties,male,hongkong,en,,14,True,False,common_voice_en_23377199.mp3,although she is beautiful she would rather be with the horses than with man,0.8777079582214355
"If there is evidence of failure to disclose, yes, we have a problem.",2,0,twenties,male,indian,en,,13,True,False,common_voice_en_22378145.mp3,your pet is evidence of failure to disclose yes we have a problem,0.8931756615638733
"The sign is normally pronounced ""plus or minus"".",2,0,twenties,female,indian,en,,8,True,False,common_voice_en_18733683.mp3,the sign is nomination ounce plus or minus,0.7385444641113281
Meanwhile Win Chadha also died.,2,0,thirties,male,indian,en,,5,True,False,common_voice_en_19437194.mp3,meanwhile Venture data also died,0.8607023358345032
Where is my dress?,2,0,twenties,male,indian,en,,4,True,False,common_voice_en_17520264.mp3,where is my dress,0.9165018200874329
Benjamin was snacking on strips of bacon.,2,1,teens,female,indian,en,,7,True,False,common_voice_en_155227.mp3,Benjamin was not even strips of bacon,0.844734251499176
The Quakers have a Meeting House on the Lower Churchtown Road.,2,1,twenties,male,indian,en,,11,True,False,common_voice_en_22292169.mp3,wake up have a meeting house only Nova chat download,0.853549599647522
Musically we were going to meet each other half way.,2,1,twenties,male,indian,en,,10,True,False,common_voice_en_18733300.mp3,basically we're going to need each other.,0.8274537324905396
Surveys are just like a platform where good and bad estimations are mingled together.,2,0,thirties,female,indian,en,,14,True,False,common_voice_en_21721575.mp3,surveys are just like a platform there good and bad estimations are mingled together,0.909643292427063
Emory has numerous club sports and a variety of recreational and competitive intramural teams.,2,0,teens,female,indian,en,,14,True,False,common_voice_en_21362374.mp3,Amar'e has you miss club sports and variety of recreational and competitive intramural team,0.8534734845161438
A colour version of the music video was later made available.,2,0,thirties,male,indian,en,,11,True,False,common_voice_en_20735452.mp3,color version of the music video,0.811828076839447
Emma's going away immediately after tea might give offence.,2,0,twenties,male,indian,en,,9,True,False,common_voice_en_19953596.mp3,do you mind going every immediately after tea might give offense,0.7552192211151123
Valentine sits on the boards of several organisations in the United Kingdom.,2,0,thirties,male,indian,en,,12,True,False,common_voice_en_18946831.mp3,196 on the boards of several organizations in the United Kingdom,0.894528329372406
She spent almost all night finishing her thesis.,2,0,twenties,male,indian,en,,8,True,False,common_voice_en_109349.mp3,she spent almost all night finishing her thesis,0.9489559531211853
Gold- and silversmiths as well as copper engraving and lithography flourished.,2,0,fourties,male,indian,en,,11,True,False,common_voice_en_23541654.mp3,gold and silver snakes as well as copper and gravy and a florist,0.7989998459815979
Claudius returned to Rome after the battle to attend to affairs of state.,2,0,twenties,male,indian,en,,13,True,False,common_voice_en_19477209.mp3,Claudius return to Rome after the battle to attend to Affairs of State,0.9454158544540405
"He's a regular and he's connected, but then I expect you knew that much already.",3,0,twenties,male,indian,en,,15,True,False,common_voice_en_17276740.mp3,he's a regular and is connected but then I expect you knew that much already,0.9215773344039917
His career spanned more than fifty years.,2,0,twenties,female,indian,en,,7,True,False,common_voice_en_22447951.mp3,his career spanned more than 50 years,0.944115936756134
"It was seen early in the morning, rushing over eastward.",3,0,thirties,male,indian,en,,10,True,False,common_voice_en_120091.mp3,April scene early in the morning rushing over Eastwood,0.8700124621391296
"The Amazons were attributed to the Circassians via the root ""maze"".",2,0,twenties,female,indian,en,,11,True,False,common_voice_en_22670212.mp3,Amazon's were attributed the suggestions via the root maze,0.7774231433868408
"""Shining Force"" also possesses an exploration mode that occurs outside of battle.",2,1,twenties,male,indian,en,,12,True,False,common_voice_en_23627830.mp3,Shining Soul in Exploration mode.,0.8626775741577148
"They are part of the Sawa ethnic groups, those who live on the coast.",2,0,thirties,male,indian,en,,14,True,False,common_voice_en_21476599.mp3,did our part of the Sabah ethnic groups those who live on the coast,0.8800768256187439
It is the biggest telescope in the world.,2,1,twenties,male,indian,en,,8,True,False,common_voice_en_18666500.mp3,is the biggest telescope in the world,0.9757985472679138
You can pay with both escudos and euros.,2,1,twenties,male,indian,en,,8,True,False,common_voice_en_22312599.mp3,open carry laws in New York,0.8423829674720764
In one match the Gentlemen had eighteen and in two more seventeen.,2,0,twenties,male,indian,en,,12,True,False,common_voice_en_22772596.mp3,in one match the gentleman had 18 and into more 17,0.8913381099700928
The newspapers demanded democracy.,2,0,twenties,male,indian,en,,4,True,False,common_voice_en_13813670.mp3,the newspapers demanded democracy,0.9565531015396118
We're going to Paris for our honeymoon.,2,0,thirties,male,indian,en,,7,True,False,common_voice_en_18427495.mp3,we're going to Paris for our honeymoon,0.9491926431655884
"The more you read, the better you will be understood.",2,0,teens,male,indian,en,,10,True,False,common_voice_en_17247726.mp3,the more you read the battery will be understood,0.9446375370025635
A walking path surrounds the whole complex.,2,1,twenties,male,indian,en,,7,True,False,common_voice_en_19201294.mp3,are walking parks around Stonewall complex,0.8182485699653625
"Most people using the term ""exponentially"" don't know what it actually means.",2,0,twenties,male,indian,en,,12,True,False,common_voice_en_17779740.mp3,most people using the thumb exfoliant really don't know what actually means,0.8406448364257812
"Words are, in my not-so-humble opinion, our most inexhaustible source of magic.",2,1,twenties,male,indian,en,,12,True,False,common_voice_en_17392884.mp3,red sore in my not-so-humble opinion,0.9440633654594421
"The couple had one son, Mario.",2,0,twenties,male,indian,en,,6,True,False,common_voice_en_22321100.mp3,the couple had one son Mario,0.4531855583190918
"Alcohol, tobacco, coffee and tea were prohibited, as in many Latter Day Saint denominations.",2,0,twenties,male,indian,en,,14,True,False,common_voice_en_19459011.mp3,Alcohol Tobacco coffee and tea were prohibited as in many Latter Day Saint denominations,0.9107359647750854
I know very well what you're talking about.,2,0,twenties,female,indian,en,,8,True,False,common_voice_en_179975.mp3,I know very well what you talking about,0.9465112686157227
Such brilliant tactical success earned him a permanent place among Korea's most famous leaders.,2,0,twenties,female,indian,en,,14,True,False,common_voice_en_22687296.mp3,such brilliant tactical stocks is around him a prominent Place among Korea's most famous leaders,0.895537257194519
The engine gave about six horse-power.,2,0,thirties,female,indian,en,,6,True,False,common_voice_en_21764414.mp3,the engine gave about 6 horsepower,0.7758355736732483
"Chespirito owned the rights to ""El Chavo"" and ""El Chapulín Colorado"".",2,1,twenties,male,indian,en,,11,True,False,common_voice_en_18685062.mp3,despedido on the rights to El Chavo and El chapulin Colorado,0.8041565418243408
"On basis of the report, a global tender was floated.",2,0,thirties,male,indian,en,,10,True,False,common_voice_en_19023271.mp3,on basis of gender was floating,0.6717756390571594
Its E minor soprano solo is prefigured in Weronika's final performance.,2,0,twenties,female,indian,en,,11,True,False,common_voice_en_22448659.mp3,C minor soprano solo is prefigured in Veronica's final performance,0.9300044775009155
Services are scant along this road.,3,1,twenties,male,indian,en,,6,True,False,common_voice_en_23702810.mp3,can we discuss can't along this route,0.7090041041374207
I'm going to medical school.,2,1,twenties,male,indian,en,,5,True,False,common_voice_en_18577158.mp3,I'm going to medical school,0.9452300071716309
Have you the key?,2,0,twenties,male,indian,en,,4,True,False,common_voice_en_17704589.mp3,have you the key,0.9703090786933899
Do you like fruit?,2,1,thirties,male,indian,en,,4,True,False,common_voice_en_17251288.mp3,do you like fruit,0.953910768032074
"Ignoring these orders, the Marines continued to resist.",3,0,twenties,male,indian,en,,8,True,False,common_voice_en_19760554.mp3,ignoring these orders Americans continue to resist,0.8860041499137878
"Ordering is approximate, as there is considerable overlap.",3,0,thirties,male,indian,en,,8,True,False,common_voice_en_22781009.mp3,are there any is approximate as there is considerable overlap,0.9629260897636414
"When there's a loss of cabin pressure, oxygen masks will automatically drop down.",2,0,thirties,male,indian,en,,13,True,False,common_voice_en_17250950.mp3,Monday is a loss of cabin pressure oxygen masks will automatically drop down,0.8614298105239868
Ignorance is bliss.,2,0,twenties,male,indian,en,,3,True,False,common_voice_en_18242582.mp3,ignorance is bliss,0.9819054007530212
Development of tametraline was soon stopped because of undesired stimulant effects observed in animals.,2,0,twenties,male,indian,en,,14,True,False,common_voice_en_21846409.mp3,text Metrolina Christian stopped because it's undesired stimulant effect observed in animals,0.8804381489753723
"More double-length legs were shown from seasons seven to ten, fourteen.",2,0,twenties,female,indian,en,,11,True,False,common_voice_en_22331768.mp3,ball double length legs for Sean from season 7 to 10:14,0.7971704006195068
The Chargers placed him on injured reserve after he had season-ending surgery.,2,0,twenties,male,indian,en,,12,True,False,common_voice_en_22321420.mp3,the charges placed him on injured reserve after he had season-ending surgery,0.9669589400291443
South Lincolnshire Enterprise Agency was based there.,2,0,twenties,male,indian,en,,7,True,False,common_voice_en_23606150.mp3,call Susan spier Enterprise agency work,0.6143937110900879
The boy felt ill and terribly alone.,3,0,twenties,male,indian,en,,7,True,False,common_voice_en_119023.mp3,the boy felt ill and terribly alone,0.9589334726333618
He has a degree in law from the National Autonomous University of Mexico.,2,1,twenties,male,indian,en,,13,True,False,common_voice_en_19783246.mp3,he has a degree in law from the national autonomous University of Mexico,0.9428445100784302
Sid's girl-chasing persona was fully reinstated for subsequent films.,2,1,twenties,female,indian,en,,9,True,False,common_voice_en_22448885.mp3,set girl chasing Persona Wars fully reinstated for subsequent Slims,0.8018549680709839
"After many years of failed promises, investors began to feel disillusionment.",2,0,twenties,male,indian,en,,11,True,False,common_voice_en_18666216.mp3,after many years of failed promises investors began to feel disillusionment,0.9756221771240234
Elena will be late.,2,0,twenties,male,indian,en,,4,True,False,common_voice_en_18075506.mp3,Elena will be late,0.9289695620536804
At the time the Grand Mosque was being renovated by the Saudi Binladin Group.,2,0,thirties,male,indian,en,,14,True,False,common_voice_en_18675626.mp3,at the time the Grand Mosque was being renovated by the Saudi binladin group,0.9815698862075806
In many cases it can be seen via gonioscopy.,2,0,thirties,male,indian,en,,9,True,False,common_voice_en_22047623.mp3,in many cases it can be seen by a bonus coffee,0.9124972820281982
Within each ascocarp are several asci.,2,0,twenties,male,indian,en,,6,True,False,common_voice_en_23524805.mp3,within each task. I'll schedule the sky,0.6699911952018738
Many financial institutions have regional offices located in downtown Greenville.,2,0,teens,male,indian,en,,10,True,False,common_voice_en_21767765.mp3,many financial institutions have Regional offices located in downtown Greenville,0.961887001991272
And a new contract goes with it.,3,0,thirties,male,indian,en,,7,True,False,common_voice_en_134510.mp3,add a new contract goes with it,0.9221499562263489
The red flowers are attractive to hummingbirds and butterflies.,2,0,twenties,male,indian,en,,9,True,False,common_voice_en_19311641.mp3,the reptiles that are connected to hummingbirds and butterflies,0.9081291556358337
"At the party, McPherson arrests Laura for the murder of Diane Redfern.",2,0,twenties,male,indian,en,,12,True,False,common_voice_en_23308838.mp3,and the party not person Laura for the murder of Diane Redford,0.8460941314697266
These measurements are used to define gravity anomalies.,2,1,twenties,male,indian,en,,8,True,False,common_voice_en_22290484.mp3,these measurements are used to define gravity,0.7676156759262085
Its members get no payment for expenses incurred and time spent at emergencies.,2,0,twenties,male,indian,en,,13,True,False,common_voice_en_22793238.mp3,its members get no payments for expenses incurred and time spent at emergencies,0.9016485214233398
But still it was a huge step forward for education in Russia.,2,0,twenties,female,indian,en,,12,True,False,common_voice_en_22448776.mp3,but still it was a huge step forward for education in Russia,0.9448068737983704
The Swiss nicknamed him The Rock.,2,0,twenties,male,indian,en,,6,True,False,common_voice_en_19312665.mp3,the Swiss nickname film,0.7807614803314209
"Via the Saint Francis River, it is part of the Mississippi River watershed.",2,0,twenties,male,indian,en,,13,True,False,common_voice_en_20603296.mp3,Brad doesn't want to see what it is part of the Mississippi River watershed,0.8170718550682068
Syntopy is a special case of sympatry.,2,0,twenties,male,indian,en,,7,True,False,common_voice_en_23663324.mp3,into pieces special case of sympatric,0.8509435653686523
"Please, be humble.",2,0,twenties,male,indian,en,,3,True,False,common_voice_en_17776526.mp3,please be humble,0.9466472268104553
You can also buy single issues directly from Mslexia and on their website.,2,0,fifties,male,indian,en,,13,True,False,common_voice_en_19758351.mp3,you can also buy single issues directly from Alexia and on their website,0.9405882358551025
The oldest settlements in Fairfax County were along the Potomac River.,2,0,twenties,male,indian,en,,11,True,False,common_voice_en_22127487.mp3,the oldest settlements in Fairfax County,0.8104142546653748
Tennant was also in charge of the Marlboro account and invented the Marlboro Man.,2,0,twenties,male,indian,en,,14,True,False,common_voice_en_22312750.mp3,and I'm going to also in charge of the accountant in Mandarin,0.8573001027107239
"However, by turbo engines were becoming faster, more reliable and easier to drive.",10,2,twenties,male,indian,en,,13,True,False,common_voice_en_20283909.mp3,I will buy you double engines were becoming faster more reliable and easy to drive,0.7406206727027893
Disabled accessible rooms are available.,2,0,twenties,male,indian,en,,5,True,False,common_voice_en_19137014.mp3,disabled accessible rooms are available,0.9596918821334839
"A price was put on his head, but he managed to escape to England.",2,0,twenties,male,indian,en,,14,True,False,common_voice_en_22319567.mp3,a price or sport on his head but he managed to escape to England,0.8325409293174744
Samantha Cameron's family own the large Yorkshire estate called Sutton Park.,2,1,twenties,male,indian,en,,11,True,False,common_voice_en_19700136.mp3,Samantha Cameron's family owned a large Yorkshire State call Sutton park,0.7713849544525146
It is known for its large shipyard.,2,0,twenties,female,indian,en,,7,True,False,common_voice_en_18733169.mp3,it is known for its large Shipyard,0.9155749082565308
He was respected and admired as a model teacher-scholar.,2,1,twenties,female,indian,en,,9,True,False,common_voice_en_18723876.mp3,he was respected and admired as model teachers color,0.9209961295127869
"The non-residential buildings are a kindergarten, Community Hall and Fire Station.",2,0,thirties,male,indian,en,,11,True,False,common_voice_en_21426041.mp3,the non-residential buildings are a kindergarten Community Hall and fire station,0.9327114224433899
He also had a long tenure as the frontman of hard rock band Talisman.,2,0,twenties,female,indian,en,,14,True,False,common_voice_en_22406118.mp3,he always had a long tenure as the frontman of hotdog band Charlotte,0.860184907913208
The team was mostly derided or ignored by the New York City media.,2,0,twenties,male,indian,en,,13,True,False,common_voice_en_22773396.mp3,the team was mostly delighted or ignored by the New York City media,0.917043924331665
He won many awards during his career.,2,0,twenties,male,indian,en,,7,True,False,common_voice_en_22319736.mp3,he won many awards during his career,0.9825572967529297
It was once the subject of rivalry between Victorian gardeners in England.,2,1,twenties,male,indian,en,,12,True,False,common_voice_en_22277943.mp3,what is the subject of Victorian England,0.7839756011962891
Activists claim the pipeline through the Baltic Sea is leaking.,2,1,twenties,male,indian,en,,10,True,False,common_voice_en_176390.mp3,at least clean the pipeline through the Baltic Sea is flaking,0.787209153175354
The first European settler in Potton township was Nicholas Austin.,2,0,thirties,male,indian,en,,10,True,False,common_voice_en_22095311.mp3,the first European ships are in Fulton Township was Nicholas Osteen,0.8500651717185974
The plan was cancelled due to a popular resistance headed by Count Louis Sparre.,2,0,thirties,male,indian,en,,14,True,False,common_voice_en_22961313.mp3,the plan was canceled due to a popular resistance headed by County Louis Park,0.8058339953422546
He comes from an aristocratic family from the region of Piedmont in Italy.,2,0,twenties,female,indian,en,,13,True,False,common_voice_en_22533180.mp3,he comes from an aristocratic family from the region of Piedmont in Italy,0.9616270065307617
"""The Methodist Publishing House"".",2,1,twenties,female,indian,en,,4,True,False,common_voice_en_21934583.mp3,the Methodist Publishing House,0.961279034614563
But I believe she’ll turn out all right yet.,2,0,twenties,female,indian,en,,9,True,False,common_voice_en_21678465.mp3,but I believe she will turn out all right yet,0.838660717010498
The division covers the vast northern outback of South Australia.,2,0,twenties,male,indian,en,,10,True,False,common_voice_en_23596240.mp3,the decision to walk North and South Australia,0.7942736148834229
"However I am dressed, I shall still be Sancho Panza.",2,0,fifties,male,indian,en,,10,True,False,common_voice_en_17416348.mp3,however and rest I shall still be Sancho Panza,0.8863298296928406
The owner of the dwelling was not amused.,3,0,thirties,female,indian,en,,8,True,False,common_voice_en_215392.mp3,the owner of the dwelling was not amused,0.9211050271987915
You could go for a brisk walk up Constitution Hill or something.,2,0,twenties,female,malaysia,en,,12,True,False,common_voice_en_18485218.mp3,you should go to a preschool Constitution Hill or something,0.8170417547225952
The Chickasaw National Recreation Area preserves partially forested hills of south-central Oklahoma near Sulphur.,2,0,twenties,female,malaysia,en,,14,True,False,common_voice_en_19642057.mp3,the Chickasaw National Recreation Area Preserve specially for restitution of South Central Oklahoma yourself over,0.8653523921966553
The unincorporated community of Cherry is located within Cherry Township.,2,0,teens,male,malaysia,en,,10,True,False,common_voice_en_18701654.mp3,the unincorporated community of cherry is located within Cherry Township,0.9395074844360352
May I sit down?,2,1,twenties,male,malaysia,en,,4,True,False,common_voice_en_1137939.mp3,may I sit down,0.9876290559768677
"The dorsum is brown, with a yellow streak on each side of the neck.",2,0,twenties,male,malaysia,en,,14,True,False,common_voice_en_20288302.mp3,the Delsym is brown with a yellow streak on each side of the neck,0.8974646329879761
The name Monona is of American Indian origin.,2,0,twenties,female,malaysia,en,,8,True,False,common_voice_en_18684032.mp3,the name the Moana is of American Indian origin,0.8399434685707092
Fabian does not like pepper.,2,0,fourties,male,malaysia,en,,5,True,False,common_voice_en_17896795.mp3,Fabian does not like pepper,0.9352065324783325
What was she to do?,2,0,twenties,female,malaysia,en,,5,True,False,common_voice_en_17361490.mp3,what was she to do,0.9450238347053528
Can you tell me where it hurts?,2,0,twenties,male,malaysia,en,,7,True,False,common_voice_en_17285946.mp3,can you tell me what it's hurts,0.8838219046592712
Lettermore island is in two halves.,2,0,twenties,male,malaysia,en,,6,True,False,common_voice_en_19046651.mp3,Livermore island is into house,0.9356565475463867
Thirty-two Turkish tourists took a trip to a turkey farm.,2,0,twenties,female,malaysia,en,,10,True,False,common_voice_en_18447265.mp3,love you too talk to you tomorrow just took a trip to a Jackie phone,0.6499589681625366
He briefly considered relocating to Montevideo or Buenos Aires.,2,1,thirties,male,malaysia,en,,9,True,False,common_voice_en_20531406.mp3,he briefly considered getting to Montevideo,0.8716435432434082
Their music combined funk rhythms and dissonant guitar riffs.,3,0,twenties,male,malaysia,en,,9,True,False,common_voice_en_19680033.mp3,combine fun greetings and listening guitar riffs,0.6648246645927429
She is one of the most awarded artist in history.,2,0,thirties,female,malaysia,en,,10,True,False,common_voice_en_20309132.mp3,,0.0
"My hobby is genealogy, or family history.",2,0,twenties,female,malaysia,en,,7,True,False,common_voice_en_18485233.mp3,my hobby is genealogy or family history,0.9618819355964661
"I think it came in a long, red box.",2,0,twenties,male,malaysia,en,,9,True,False,common_voice_en_17291462.mp3,I didn't came in a long box,0.7459956407546997
As if I would talk on such a subject!,2,0,twenties,female,malaysia,en,,9,True,False,common_voice_en_18447373.mp3,as if I would talk on such a subject,0.9573993682861328
Once again the songwriter in her felt the need to produce and sing.,2,0,thirties,female,malaysia,en,,13,True,False,common_voice_en_20309243.mp3,the song,0.8347594738006592
He tried to persuade her with a rather artificial argument,2,0,twenties,female,malaysia,en,,10,True,False,common_voice_en_18447273.mp3,tried to persuade her with the Raza artificial argument,0.8260014057159424
"Hey look, a flying pig!",2,0,twenties,male,malaysia,en,,5,True,False,common_voice_en_17252814.mp3,I love the Flying Pig,0.6693776845932007
Jack was drafted to do his duty in Korea for ten months.,2,0,twenties,female,malaysia,en,,12,True,False,common_voice_en_18684031.mp3,Jack Lester all set to do his duty in Korea for 10 months,0.7905318140983582
No wonder this vanilla yogurt tastes disgusting: Its eat-by date was last year.,2,0,twenties,female,malaysia,en,,13,True,False,common_voice_en_17361492.mp3,no wonder this funny thing is it by Voice last year,0.8772440552711487
Delete this file.,2,0,fifties,male,malaysia,en,,3,True,False,common_voice_en_17885588.mp3,delete this file,0.8279647827148438
Girard is served by the Jayton-Girard Independent School District.,2,0,fifties,male,malaysia,en,,9,True,False,common_voice_en_23149627.mp3,Jared is served by the Jason Garrett Independent School District,0.8979765176773071
I'm going with Clara to buy some pillows and bolsters.,2,0,fourties,male,malaysia,en,,10,True,False,common_voice_en_17896793.mp3,I'm going to the Cairo to buy some pillows and bolsters,0.9393980503082275
The band released two demos under this name.,2,0,twenties,male,malaysia,en,,8,True,False,common_voice_en_19792425.mp3,the band released under this name,0.8679711818695068
"For example, in his first album, Freak Out!",2,1,twenties,male,malaysia,en,,8,True,False,common_voice_en_19680032.mp3,for example in his first album freak out,0.9446049928665161
I passed away and left them to it.,2,0,twenties,female,malaysia,en,,8,True,False,common_voice_en_18485263.mp3,he passed away and left them to it,0.8802227973937988
"Nice, genial, jolly.",2,0,twenties,male,malaysia,en,,3,True,False,common_voice_en_17252813.mp3,Janelle jolly,0.643674373626709
The mines had been ran by the city council.,2,0,fourties,male,malaysia,en,,9,True,False,common_voice_en_17896085.mp3,the mines have been ran by the city council,0.9491905570030212
The boy shook his head.,2,0,thirties,female,malaysia,en,,5,True,False,common_voice_en_1466772.mp3,the boys,0.759320855140686
The cannibal was looking for another victim to appease his appetite.,2,1,fifties,male,malaysia,en,,11,True,False,common_voice_en_17885610.mp3,I was looking for another piece is apathy,0.6158408522605896
"When the carpet and the curtains caught fire, it was getting warm.",2,0,twenties,female,malaysia,en,,12,True,False,common_voice_en_184404.mp3,when the cops caught fire it was getting warm,0.7390692234039307
"One man's loss, is another man's gain.",2,0,twenties,male,malaysia,en,,7,True,False,common_voice_en_17252868.mp3,Wyman's loss is another man's gain,0.8311562538146973
Spring Prairie was originally called Franklin.,2,0,twenties,male,malaysia,en,,6,True,False,common_voice_en_19802543.mp3,prayer was originally Kirk Franklin,0.9307535290718079
Longtime white residents also tried to force the poor black residents out of town.,2,0,twenties,male,malaysia,en,,14,True,False,common_voice_en_19120808.mp3,longtime white President also try to force the four bread resident of of town,0.889107346534729
The rings are plucked in a downward motion to produce tinkling sounds.,2,0,fourties,male,malaysia,en,,12,True,False,common_voice_en_21883549.mp3,the Rings are plugged in a tonne what motion to produce tinkling sounds,0.8415670394897461
Many different classes of statistical tests have been considered in the literature.,2,0,fourties,male,malaysia,en,,12,True,False,common_voice_en_17896118.mp3,many different classes of statistical tests have been considered in the literature,0.8971641063690186
Florida had provided refuge for both planters and slaves during the American Revolution.,2,1,twenties,male,malaysia,en,,13,True,False,common_voice_en_22975073.mp3,Toyota had provided refuge for both Panthers and slaves during the American Revolution,0.9116925597190857
"Before becoming a playwright, Acito was a novelist and journalist.",2,1,fifties,male,malaysia,en,,10,True,False,common_voice_en_23149708.mp3,before becoming a playwright a Cheeto was a novelist and journalist,0.9766407608985901
He was not able to find the words for his feelings.,2,0,twenties,male,malaysia,en,,11,True,False,common_voice_en_18224206.mp3,,0.0
We need grain to keep our mules healthy.,2,1,twenties,male,malaysia,en,,8,True,False,common_voice_en_1639339.mp3,we need grain to keep our meals healthy,0.9080513715744019
I wish to see her.,2,0,twenties,male,malaysia,en,,5,True,False,common_voice_en_1639347.mp3,I wish to see that,0.844375491142273
The name given in Spain and Portugal.,2,0,fourties,male,malaysia,en,,7,True,False,common_voice_en_17896120.mp3,the name given in Spain and Portugal,0.9624708294868469
Russell's initial tests measured un-notched samples.,2,0,fourties,male,malaysia,en,,6,True,False,common_voice_en_19439173.mp3,Russell's initial tests measured unnoticed temples,0.8816008567810059
"I want my garden to be filled with roses, petunias and passion flowers.",2,1,twenties,female,malaysia,en,,13,True,False,common_voice_en_17361474.mp3,what's my Guns N Roses genius and fishing poles,0.9274736046791077
Mosconi had two older sisters and two younger brothers.,2,0,fourties,male,malaysia,en,,9,True,False,common_voice_en_18979675.mp3,Moscone two older sisters and two younger brothers,0.9124503135681152
The company is mostly known through its Sherwin-Williams Paints line.,2,0,fourties,female,malaysia,en,,10,True,False,common_voice_en_22273794.mp3,the company is mostly known through its Sherwin-Williams paints line,0.91710364818573
I'll catch a bus.,2,0,fifties,male,malaysia,en,,4,True,False,common_voice_en_17885592.mp3,I'll catch a bus,0.9794644117355347
This is the first use of a talk box by Pink Floyd.,2,1,twenties,male,malaysia,en,,12,True,False,common_voice_en_19680031.mp3,is this the first use of a talkbox by Pink Floyd,0.791385293006897
Many challenges involve falling into water or mud on failure.,2,0,fifties,male,malaysia,en,,10,True,False,common_voice_en_22967246.mp3,many challenge involves falling into water or mud on failure,0.8312196731567383
"A male will use ""soft squeak calls and tail-lashing"" to signal the female.",2,0,twenties,male,malaysia,en,,13,True,False,common_voice_en_19792444.mp3,email you use soft sweet called and tail action,0.7206960320472717
"The increasingly urbanized ""Kathmandu"" and ""Pokhara"" valleys fall within the Hill region.",2,0,fourties,female,malaysia,en,,12,True,False,common_voice_en_22273860.mp3,the increasingly urbanized Kathmandu and Pokhara Valley's fall within the hill region,0.9494631290435791
The cistern was malfunctioning.,2,0,twenties,female,malaysia,en,,4,True,False,common_voice_en_1280839.mp3,the cistern was malfunctioning,0.9428874254226685
"After World War One, the yeshivah moved from Slutsk to Kletsk in Belarus.",2,1,twenties,male,malaysia,en,,13,True,False,common_voice_en_19680110.mp3,after World War 1 to get Siva moved from slot to kids in Belarus,0.8890730738639832
Because the crystal was dirty.,3,0,teens,male,malaysia,en,,5,True,False,common_voice_en_138713.mp3,because the crystal was dirty,0.9571094512939453
Being with him alone made her feel uncomfortable.,2,0,twenties,female,malaysia,en,,8,True,False,common_voice_en_184406.mp3,being with him alone made her feel uncomfortable,0.9833297729492188
Day's version was also issued as a single.,2,0,thirties,male,malaysia,en,,8,True,False,common_voice_en_20531448.mp3,what should I sing,0.37447941303253174
"It shouldn't be displayed on any book pages, or should it?",2,0,twenties,female,malaysia,en,,11,True,False,common_voice_en_17361469.mp3,shouldn't be displayed on any Bridges,0.8824923038482666
The store walls were lined with colored frocks.,2,0,fourties,male,malaysia,en,,8,True,False,common_voice_en_17897880.mp3,the star walls were lined with colored frogs,0.8642057180404663
Pietradefusi hosts is a Cinema Festival in September.,2,1,thirties,male,malaysia,en,,8,True,False,common_voice_en_20531417.mp3,piatek if you see horse is a cinema Festival in September,0.8754692673683167
I think I might have gotten a bit bored on that project.,2,0,twenties,female,malaysia,en,,12,True,False,common_voice_en_18447286.mp3,I think I might have gotten a bit going on that project,0.9737579226493835
Medulin's economy is based on tourism.,2,0,twenties,female,malaysia,en,,6,True,False,common_voice_en_20397778.mp3,Netherlands economy is based on tourism,0.9610726237297058
"Thus, kings can be removed immediately to the Foundation.",2,0,twenties,male,malaysia,en,,9,True,False,common_voice_en_19680112.mp3,does King's can be removed immediately with Foundation,0.7919078469276428
Shirt numbers became quickly associated with a certain position.,2,0,fourties,male,malaysia,en,,9,True,False,common_voice_en_19726691.mp3,shut numbers became quickly associated with a certain position,0.9142730236053467
Where did they come from?,2,1,thirties,female,malaysia,en,,5,True,False,common_voice_en_1466786.mp3,where did he come from,0.8793218731880188
He resigned from office when questions arose about his residency in Shreveport.,2,1,fourties,male,malaysia,en,,12,True,False,common_voice_en_18979671.mp3,he resign from office when questions arose about his residency at Shreveport,0.9448772072792053
Mighty oaks from tiny acorns grow.,2,0,fourties,male,malaysia,en,,6,True,False,common_voice_en_17928073.mp3,Mighty Oaks from Tiny acorns grow,0.9839242100715637
I had no idea.,2,0,fourties,male,malaysia,en,,4,True,False,common_voice_en_17896076.mp3,I had no idea,0.94093918800354
"However, his interests are broader.",2,0,twenties,female,malaysia,en,,5,True,False,common_voice_en_18684071.mp3,but his interest a brother,0.7989136576652527
These quick little joys of hers were sources of joy to him.,2,1,twenties,male,malaysia,en,,12,True,False,common_voice_en_18330156.mp3,describe four sources of joy to him,0.7714176774024963
However Charlotte was mainly very happy in her marriage.,2,0,twenties,male,malaysia,en,,9,True,False,common_voice_en_19802546.mp3,Olivier Giroud was mainly very happy in her marriage,0.9238067269325256
I was shocked.,2,1,twenties,female,malaysia,en,,3,True,False,common_voice_en_18447275.mp3,a shot,0.43950939178466797
Link and Tetra rise to the surface as the King and Hyrule are submerged.,2,0,twenties,male,malaysia,en,,14,True,False,common_voice_en_19792442.mp3,Lincoln Tetra rise to the surface as king and Haru lost Moon,0.8233491778373718
"Well, spit it out!",2,0,twenties,female,malaysia,en,,4,True,False,common_voice_en_18485188.mp3,,0.0
The big red apple fell to the ground.,2,0,fifties,male,malaysia,en,,8,True,False,common_voice_en_17885614.mp3,the big red apple fell to the ground,0.9839128255844116
You say the race is not always to the swift.,2,0,twenties,female,malaysia,en,,10,True,False,common_voice_en_18485216.mp3,you say the race is not always to the Swift,0.9334926605224609
Asakusa Shrine is part of a larger grouping of sacred buildings in the area.,2,0,thirties,female,philippines,en,,14,True,False,common_voice_en_19684294.mp3,at the closest Shrine is part of a larger grouping of sacred buildings in the area,0.9651156663894653
Many took to higher ground in current-day Downtown.,2,0,twenties,male,philippines,en,,8,True,False,common_voice_en_21216673.mp3,Manito to Higher Ground in charity downtown,0.8033451437950134
He enabled us to finish second last season when nobody expected us to.,2,0,twenties,other,philippines,en,,13,True,False,common_voice_en_22007286.mp3,second last season when nobody expected us to,0.8688967823982239
The Canal Branch administered Canada's canal system and undertook new construction as required.,2,0,teens,male,philippines,en,,13,True,False,common_voice_en_22322083.mp3,Tucanos Branch administered Canada's Canal system another two-year construction as required,0.8369333148002625
"Some cultivars, such as 'Bradford', are particularly susceptible to storm damage.",2,1,teens,male,philippines,en,,11,True,False,common_voice_en_18841316.mp3,some creative artists such as Bradford are particularly susceptible to storm damage,0.9094671607017517
Wildlife found in the park includes a wide variety of mammals.,2,0,fifties,male,philippines,en,,11,True,False,common_voice_en_22165923.mp3,Wildlife found in the park,0.9513925313949585
Between vowels short consonants were lenited.,2,0,twenties,other,philippines,en,,6,True,False,common_voice_en_21949199.mp3,between Bells fart continents relented,0.6675264835357666
"These effects are gradual, developing over several days.",2,0,twenties,male,philippines,en,,8,True,False,common_voice_en_19843831.mp3,these effects are Gadwall developing over several days,0.9585710167884827
What else am I to do?,2,0,thirties,male,philippines,en,,6,True,False,common_voice_en_17776209.mp3,what else am I to do,0.9876289963722229
The direction opposite of the nadir is the zenith.,2,0,teens,male,philippines,en,,9,True,False,common_voice_en_22264629.mp3,the direction opposite of the another is the Sun,0.9496219158172607
Kidd particularly credits Chesley Bonestell and Norman Rockwell as his most formative influences.,2,0,twenties,male,philippines,en,,13,True,False,common_voice_en_21216716.mp3,kid particularly credits Chesney Boston and Norman Rockwell most formative influences,0.8871790170669556
The tree trunks symbolise the importance of forestry and the sawmills in the municipality.,2,0,fourties,male,philippines,en,,14,True,False,common_voice_en_23427516.mp3,the tree trunk symbolize the importance of Forestry in the Sawmills in the municipality,0.8925465941429138
"Another device used in tacheometry is the ""subtense bar"".",2,0,twenties,other,philippines,en,,9,True,False,common_voice_en_23657539.mp3,another device used in takilma tree is the substance for,0.9044426083564758
This concludes Christ's message.,2,1,teens,male,philippines,en,,4,True,False,common_voice_en_18851751.mp3,this concludes Chris messages,0.9451213479042053
You were going to go out and conquer the world!,2,0,twenties,female,philippines,en,,10,True,False,common_voice_en_15649.mp3,he was going to go out and conquer the world,0.9276949763298035
The only point at issue was the precise line of the borders.,2,0,twenties,male,philippines,en,,12,True,False,common_voice_en_19843805.mp3,the only part of the issue was the precise line of the borders,0.8555631637573242
"Its motto is ""Amore Sitis Uniti"", Latin for ""Be United in Love"".",2,0,twenties,male,philippines,en,,12,True,False,common_voice_en_19727706.mp3,Ace motel in Amarillo city school,0.49540117383003235
Thomas was left paralyzed from the chest down.,2,0,twenties,female,philippines,en,,8,True,False,common_voice_en_18922223.mp3,Thomas was left paralyzed from the chest down,0.9194604158401489
It is directed by Rajesh Touchriver.,2,1,thirties,male,philippines,en,,6,True,False,common_voice_en_18674046.mp3,it is directed by Rajesh. River,0.8933629393577576
Many air arms however continued to operate target tugs on their own behalf.,2,0,twenties,female,philippines,en,,13,True,False,common_voice_en_18922200.mp3,many are arms however continue to operate Target thugs on their own behalf,0.866532564163208
Gestir are signed to Tutl Records in the Faroe Islands.,2,0,twenties,male,philippines,en,,10,True,False,common_voice_en_20114573.mp3,mix Tierra a side records in the Faroe Islands,0.7333036661148071
I'm just sitting around watching a video at the moment.,2,0,fourties,male,philippines,en,,10,True,False,common_voice_en_17281027.mp3,I'm just sitting around watching a video at the moment,0.9893951416015625
"De Mortimer's tenant was another Norman, Ralph Bluet.",2,1,teens,male,philippines,en,,8,True,False,common_voice_en_22264766.mp3,did Mortimer standard was another nerve man Ralph Lewis,0.747394323348999
Ribbonfish possess all the characteristics of fish living at very great depths.,2,1,teens,male,philippines,en,,12,True,False,common_voice_en_18841484.mp3,ribbon fish possess all the characteristics of fish living at very great clips,0.9146156311035156
"In Europe, Poma and Leitner operate as separate ventures.",2,1,teens,male,philippines,en,,9,True,False,common_voice_en_18841425.mp3,"in Europe, and Laettner operate as separate Ventures",0.9609935283660889
The Waits River flows through the village.,2,0,teens,male,philippines,en,,7,True,False,common_voice_en_22264596.mp3,the Waits river flows through the village,0.8881123661994934
Both accidents caused the session to be suspended.,2,1,teens,male,philippines,en,,8,True,False,common_voice_en_18714897.mp3,accidents caused by session to be suspended,0.8633779883384705
Coahuila contains two biosphere reserves.,2,0,twenties,male,philippines,en,,5,True,False,common_voice_en_21216957.mp3,what is the biosphere Reserves,0.9109169840812683
The work was championed in Europe and London by Robert Hausmann.,2,0,fourties,male,philippines,en,,11,True,False,common_voice_en_19984993.mp3,the work was Campion in Europe and London by Robert Hoffman,0.9079800248146057
"Oh, you are, eh?",2,0,fourties,male,philippines,en,,4,True,False,common_voice_en_17280983.mp3,you are a,0.8416970372200012
The crater has not been significantly eroded by subsequent impacts.,2,0,teens,male,philippines,en,,10,True,False,common_voice_en_22322198.mp3,the crater has not been significantly eroded by subsequent and socks,0.8892517685890198
He studied piano as a child and participated in his high school chorus.,2,0,twenties,other,philippines,en,,13,True,False,common_voice_en_21949730.mp3,he said a piano as a child and participated in his high school course,0.8940388560295105
"It just reminded me, you can't ever be lazy about it.",2,1,twenties,male,philippines,en,,11,True,False,common_voice_en_19055626.mp3,it just reminded me that ever play say about it,0.823883056640625
Property list files are often used to store a user's settings.,2,0,twenties,male,philippines,en,,11,True,False,common_voice_en_19848094.mp3,probably the list files are often used to store a user settings,0.8986401557922363
"After the season, he lost his spot on the roster to Leonard Henry.",2,0,twenties,male,philippines,en,,13,True,False,common_voice_en_19843788.mp3,after this he said he lost his spots on The Roaster to Leonardo's Henry,0.8027971386909485
Just as I thought!,2,1,twenties,female,philippines,en,,4,True,False,common_voice_en_17453377.mp3,just as I thought,0.9553868174552917
His poetry was beautiful stuff.,2,0,twenties,male,philippines,en,,5,True,False,common_voice_en_21012284.mp3,his poetry was beautiful.,0.8570762276649475
The last Commissioner for Railways was Neil McCusker.,2,0,twenties,female,philippines,en,,8,True,False,common_voice_en_23392766.mp3,the last commissioner for real race was Neil mccosker,0.8309770226478577
What is she to do?,2,0,thirties,male,philippines,en,,5,True,False,common_voice_en_17776135.mp3,what is she to do,0.9680765271186829
A few huge Bowies up to long were created for exhibition.,2,0,thirties,male,philippines,en,,11,True,False,common_voice_en_18673988.mp3,a few huge Bowie's up to long were created for exhibition,0.8312044143676758
The newer church was built by Richard Neville.,2,0,twenties,female,philippines,en,,8,True,False,common_voice_en_18922220.mp3,then you were church was built by teacher DeVille,0.93166583776474
"The couple have two children, Peter and William.",2,0,teens,male,philippines,en,,8,True,False,common_voice_en_18714867.mp3,the couple have two children Peter and William,0.8980520963668823
Maybe these desert birds could explain to him the meaning of love without ownership.,2,0,thirties,male,philippines,en,,14,True,False,common_voice_en_181389.mp3,maybe these desert Birds but explain to him the meaning of love the death ownership,0.8856559991836548
Play music by larry mullen jr.,4,0,twenties,female,philippines,en,,6,True,False,common_voice_en_15657.mp3,play music by Larry Mullen Jr,0.9794333577156067
His father had been an amateur boxer and made all of his sons box.,2,0,fourties,male,philippines,en,,14,True,False,common_voice_en_19984998.mp3,his father had been an amateur boxer and made all of his sons box,0.9203011393547058
"At an early age, William was interested in earthworks and mechanics.",2,0,teens,male,philippines,en,,11,True,False,common_voice_en_18714875.mp3,William was interested in Earth Works in mechanics,0.731207549571991
Their uniforms have become their trademark.,2,0,twenties,male,philippines,en,,6,True,False,common_voice_en_20040064.mp3,their uniforms have become their trademark,0.971893846988678
How old are you?,2,0,thirties,male,philippines,en,,4,True,False,common_voice_en_17147879.mp3,how old are you,0.9799034595489502
"There is a wedding chapel in the rear, and gardens nearby.",2,0,twenties,male,philippines,en,,11,True,False,common_voice_en_20040393.mp3,there's the wedding chapel in the rear and Gardens nearby,0.8357582092285156
"As I watched, the planet seemed to grow larger and smaller.",2,0,twenties,female,philippines,en,,11,True,False,common_voice_en_123995.mp3,are they watch the planets IMA girl larger and smaller,0.8040614128112793
"It's true; life really is generous to those who pursue their destiny, the boy thought.",2,1,twenties,male,philippines,en,,15,True,False,common_voice_en_116219.mp3,it's true my feelings generous to those who pursue their destiny,0.9030360579490662
"In a polar coordinate system, the origin may also be called the pole.",2,0,twenties,male,philippines,en,,13,True,False,common_voice_en_19966712.mp3,any polar coordinate system the origin may also be called the pole,0.9528563618659973
"Located on the border with Russia, it is major land port of entry.",2,0,twenties,male,philippines,en,,13,True,False,common_voice_en_21106611.mp3,located on the border with Russia and its major land for the pantry,0.8362414836883545
"He kept driving at full speed, totally unfazed by the flap, flap, flap of the burst tyre.",2,0,thirties,male,philippines,en,,17,True,False,common_voice_en_17528595.mp3,he kept driving at full speed. Only I can face by the flap flap top of the first fire,0.8595972657203674
Articles of incorporation were filed and the name Pittsburgh Filmmakers was adopted.,2,0,twenties,male,philippines,en,,12,True,False,common_voice_en_21015742.mp3,Articles of Incorporation were filed in the name Pittsburgh filmmakers was adopted,0.9430540204048157
"Marc, would you please give me the fly swatter?",2,1,twenties,female,philippines,en,,9,True,False,common_voice_en_17453358.mp3,mark would you please give me the flyswatter,0.9183807969093323
A carpet sweeper typically consists of a small box.,2,0,teens,male,philippines,en,,9,True,False,common_voice_en_22264884.mp3,a carpet sweeper typically consists of a small box,0.8766636848449707
He was considered a pioneer mover of Maranao literature.,2,0,twenties,male,philippines,en,,9,True,False,common_voice_en_21013883.mp3,what's considered the Pioneer mover of modern literature,0.764578640460968
Faster synchronous modes are used more frequently.,2,1,twenties,male,philippines,en,,7,True,False,common_voice_en_21012343.mp3,after she post more frequently,0.646260142326355
The cost of these works was met by heavy taxation that caused much suffering.,2,0,twenties,male,philippines,en,,14,True,False,common_voice_en_21250875.mp3,the cost of these Works was met by heavy taxation that cost much suffering,0.7975626587867737
The historical heritage of this province is rich and varied.,2,0,thirties,female,philippines,en,,10,True,False,common_voice_en_19684144.mp3,the historical Heritage of this province is Rich and varied,0.9714177250862122
I'm here for the placement interview.,2,0,twenties,male,philippines,en,,6,True,False,common_voice_en_18607244.mp3,I'm here for the placement interview,0.9770485758781433
"In Ecuador, a variant known as yahuarlocro is popular.",2,0,twenties,other,philippines,en,,9,True,False,common_voice_en_21949200.mp3,in Ecuador a variant known as y'all are local is popular,0.9055723547935486
All is not gold that glitters.,2,0,thirties,male,philippines,en,,6,True,False,common_voice_en_17147890.mp3,All Is Not Gold That Glitters,0.9823012351989746
They also produce a selection of outdoor specific accessories and footwear.,2,0,twenties,male,philippines,en,,11,True,False,common_voice_en_19055596.mp3,they also produce a selection of out there specific accessories and Footwear,0.9127135276794434
"The work may be reconstructed from later chronographists of the Byzantine, especially George Syncellus.",2,0,teens,male,philippines,en,,14,True,False,common_voice_en_22224013.mp3,the work may be reconstructed from later cornography softer visentin especially enjoyed themselves,0.8624638915061951
May I borrow your bolster?,2,0,twenties,male,philippines,en,,5,True,False,common_voice_en_17404287.mp3,may I borrow your bolster,0.7704820036888123
Why is the question of priority important?,2,0,twenties,male,philippines,en,,7,True,False,common_voice_en_19843808.mp3,why is the question of priority important,0.8874598741531372
A Scottish tour is being set for the end of April.,2,0,seventies,male,philippines,en,,11,True,False,common_voice_en_18829181.mp3,a Scottish tour is being set for the end of April,0.9414374828338623
He decided to stay right there and await his return.,2,1,twenties,male,philippines,en,,10,True,False,common_voice_en_131673.mp3,he decided to stay right there anyway kiss return,0.782633364200592
Paul Burgess and Flos Headford were founder-members of the Mellstock Band.,2,0,thirties,male,philippines,en,,11,True,False,common_voice_en_18674041.mp3,Hallberg has been floss headford where founder members of the Melt stuff band,0.7977883219718933
They join the ulnar veins to form the brachial veins.,2,0,twenties,other,philippines,en,,10,True,False,common_voice_en_21949254.mp3,they join the old veins the from the brachial veins,0.8257664442062378
"It is located in the Upper Palatinate, roughly halfway between Regensburg and Bayreuth.",2,1,twenties,male,philippines,en,,13,True,False,common_voice_en_19848121.mp3,is located and the Opera palatinate roughly halfway between Regensburg and Barrows,0.8798797726631165
Let's have a look at the standard deviation.,3,2,twenties,male,philippines,en,,8,True,False,common_voice_en_13479.mp3,let's have a look at the standard deviation,0.9361776113510132
They felt that the salesman had lied to them.,2,0,twenties,male,philippines,en,,9,True,False,common_voice_en_18012412.mp3,they felt that the salesman had lied to them,0.9432081580162048
"They live in Sparta Township, New Jersey, on the eastern shore of Lake Mohawk.",2,0,teens,male,philippines,en,,14,True,False,common_voice_en_22248870.mp3,Stanley's in Sparta New Jersey,0.6872414350509644
Both imply a customer lifetime of four years.,2,0,twenties,male,philippines,en,,8,True,False,common_voice_en_19055627.mp3,both entire customer lifetime of War years,0.7834113836288452
It is therefore difficult to state the exact classification.,2,0,twenties,male,philippines,en,,9,True,False,common_voice_en_21012410.mp3,it is therefore difficult to accept the situation,0.8588191270828247
"If olivine is present, the rock may be classified as an olivine nephelinite.",2,0,twenties,male,philippines,en,,13,True,False,common_voice_en_23610646.mp3,is Olivine is present the rock may be classified as an Olivine NFL tonight,0.8895397782325745
The second featured the Arthur Baker Dance Mix as the B-side.,3,0,twenties,male,philippines,en,,11,True,False,common_voice_en_21216734.mp3,the second featured Arthur Baker dance mixes the B-side,0.7737985849380493
"However, Joseph Smith insisted that his own younger brother, William, be selected instead.",2,0,twenties,male,philippines,en,,13,True,False,common_voice_en_19055612.mp3,however Joseph Smith insisted that his own younger brother William be selected instead,0.8976789116859436
"Without access to the grazing and timbering lands, many residents sought work outside Mora.",2,0,teens,male,philippines,en,,14,True,False,common_voice_en_18714927.mp3,without access to the grazing and Timberlands many residents artwork outside more,0.9101408123970032
"In the United Kingdom, generic drug pricing is controlled by the government's reimbursement rate.",2,0,twenties,male,philippines,en,,14,True,False,common_voice_en_20057197.mp3,in the United Kingdom generic drug pricing is controlled by the government's reimbursement babe,0.9230514764785767
That's why I keep losing.,3,0,twenties,female,philippines,en,,5,True,False,common_voice_en_15708.mp3,that's why I keep losing,0.9722606539726257
"Like Sammy, he also observes the girls in the store with interest.",2,0,teens,male,philippines,en,,12,True,False,common_voice_en_18841315.mp3,text Sammy he also observed the girls in the store with interest,0.8881502747535706
Do the roses compete in athletic events?,2,0,thirties,male,philippines,en,,7,True,False,common_voice_en_17147861.mp3,do the Roses compete in the Atlantic prevent,0.9293290972709656
"The name became associated with the district of Carrick, Scotland.",2,0,teens,male,philippines,en,,10,True,False,common_voice_en_18715033.mp3,remain became associated with the District of Scotland,0.9083570837974548
The third domain contains the active site.,2,1,twenties,female,philippines,en,,7,True,False,common_voice_en_18730133.mp3,,0.0
"On windy days, they are further from shore.",2,1,teens,male,philippines,en,,8,True,False,common_voice_en_22322189.mp3,I'm leaving the days they are farther from Shore,0.7794609069824219
"Due to the lack of a bug bounty program, Johanna decided to sell her exploit on the black market.",2,0,fourties,male,philippines,en,,19,True,False,common_voice_en_17281026.mp3,due to the lack of a bug Bounty program Johanna decided to sell her export on the black market,0.9467030763626099
"Jack, at the last second, rolls out, while she plummets to her death.",2,0,twenties,male,philippines,en,,13,True,False,common_voice_en_20040322.mp3,back at the last second rolls out while she playing stupid death,0.8394667506217957
The rivers are said to flow only about once per century.,2,0,seventies,male,philippines,en,,11,True,False,common_voice_en_18829184.mp3,the rivers are said to flow only about once per century,0.8961202502250671
It contains a variety of wildfowl and reedbeds.,2,0,teens,male,philippines,en,,8,True,False,common_voice_en_22265017.mp3,it contains a variety of fall fall and read that,0.842911422252655
"She looked skeptical when leaning against the wall, observing the celebrities.",2,0,thirties,male,philippines,en,,11,True,False,common_voice_en_17776178.mp3,she looks skeptical when leaning against the wall of serving the celebrities,0.9223172664642334
His many criminal skills are a valuable asset to the Black Bat.,2,0,twenties,male,philippines,en,,12,True,False,common_voice_en_20040066.mp3,as many criminals skills are a valuable asset to the black bat,0.8587665557861328
"I had been born with no organic, chemical predisposition toward alcohol.",2,0,teens,male,philippines,en,,11,True,False,common_voice_en_18336236.mp3,born with no organic,0.8800070285797119
Do as you would be done by.,2,0,twenties,male,philippines,en,,7,True,False,common_voice_en_18012410.mp3,do as you would be done by,0.9739421010017395
All three siblings would eventually follow their father into acting careers.,2,0,twenties,other,philippines,en,,11,True,False,common_voice_en_21949143.mp3,all free siblings would eventually follow their father into acting careers,0.880454957485199
Sibiryakov contributed significantly to Siberia's economic development.,2,0,twenties,other,philippines,en,,7,True,False,common_voice_en_21949406.mp3,cuticles contributed significantly to Siberia,0.7052731513977051
It is still available as a free download on some music sites.,2,0,twenties,female,philippines,en,,12,True,False,common_voice_en_23392791.mp3,it is still available as a free download and some music sites,0.9673420786857605
They may also have a mask.,2,1,twenties,male,philippines,en,,6,True,False,common_voice_en_20114575.mp3,and he also has a mask,0.8904954791069031
Such an injury requires surgical correction.,2,0,thirties,male,philippines,en,,6,True,False,common_voice_en_19739328.mp3,such an injury require surgical correction,0.9519615173339844
Its county seat is Hugo.,2,0,teens,male,singapore,en,,5,True,False,common_voice_en_20858481.mp3,its county seat is Hugo,0.7957773804664612
"The storm destroyed almost all structures on Assateague Island, where development was just beginning.",2,0,twenties,male,singapore,en,,14,True,False,common_voice_en_18785368.mp3,the stone structures on Assateague Island development was just beginning,0.8552247285842896
The parser makes it easier for the game's author to react on input.,2,0,teens,male,singapore,en,,13,True,False,common_voice_en_20860126.mp3,the pasta makes it easier for the Games author the reactant input,0.7977926135063171
"These, along with the Sahtaneh and Muskwa Rivers constitute the major tributaries.",2,0,thirties,male,singapore,en,,12,True,False,common_voice_en_18792712.mp3,along with the Saturday in Moscow reverse constitute the major tributaries,0.8203518390655518
"His mother's name was ""Itália"", which means ""Italy"" in Portuguese.",2,1,twenties,male,singapore,en,,10,True,False,common_voice_en_18722176.mp3,Italia Ricci,0.47133296728134155
She composed an emotional song in her bedroom.,3,0,teens,male,singapore,en,,8,True,False,common_voice_en_114760.mp3,she composed an emotional song in her bedroom,0.9532991647720337
He studied Medicine in the University of Lisbon.,2,0,twenties,male,singapore,en,,8,True,False,common_voice_en_18785271.mp3,,0.0
"Songwriting credit for ""No Woman, No Cry"" went to ""V. Ford"".",2,1,teens,male,singapore,en,,11,True,False,common_voice_en_21275229.mp3,song writing credits for No Woman No Cry when to be Ford,0.8157289624214172
Blakelock's works were exhibited in the National Academy of Design.,2,0,teens,male,singapore,en,,10,True,False,common_voice_en_21117652.mp3,Big Lots work by accident in the National Academy of Design,0.9031763672828674
See Higher education in Hong Kong.,2,1,twenties,male,singapore,en,,6,True,False,common_voice_en_20674614.mp3,see higher education Hong Kong,0.8071654438972473
The salt mines were of major economic importance and led to some disputes.,2,0,teens,male,singapore,en,,13,True,False,common_voice_en_20866796.mp3,this aligns with me Jake Owens,0.8967375159263611
Marianne Lamont Horinko was an Assistant Administrator at the time.,2,0,teens,male,singapore,en,,10,True,False,common_voice_en_20876372.mp3,Mary Ann Lamar Ringo was an assistant administrator of the time,0.7931812405586243
She becomes pregnant and bears him a daughter.,2,0,teens,male,singapore,en,,8,True,False,common_voice_en_21783507.mp3,she becomes pregnant dancing my daughter,0.7160377502441406
"They moved to Ohio, becoming the Cleveland Crusaders.",2,1,teens,male,singapore,en,,8,True,False,common_voice_en_20876218.mp3,they move to Ohio becoming the Cleveland Crusaders,0.9429360032081604
"During their half-century of exile, however, the last great flowing of Anatolian Hellenism began.",2,0,teens,male,singapore,en,,14,True,False,common_voice_en_20858357.mp3,during a half-century of Exile Oliver the last great flowing of Anatolian Hellenism to get,0.8044320344924927
"There was an accident at work, a camel stampede nearly killed the janitor.",2,1,twenties,male,singapore,en,,13,True,False,common_voice_en_17345215.mp3,"there was an accident at work, send piece nearly killed the janitor",0.855907678604126
Factional fighting continued in the south.,2,0,teens,male,singapore,en,,6,True,False,common_voice_en_20876584.mp3,factional fighting continuing this song,0.7384808659553528
Even then he hardly understood what this meant.,13,1,twenties,female,singapore,en,,8,True,False,common_voice_en_13532.mp3,what's this man,0.636762797832489
Her son went upstairs to help her.,2,0,teens,male,singapore,en,,7,True,False,common_voice_en_20860952.mp3,assignment upstairs to help her,0.6234339475631714
He became known as Don Luis.,2,0,twenties,male,singapore,en,,6,True,False,common_voice_en_18722156.mp3,,0.0
"Appalled, Martin refuses Sonia access to Rebecca.",2,0,thirties,male,singapore,en,,7,True,False,common_voice_en_19605243.mp3,Apollo Martin refuses Sonia access to Rebecca,0.8564658761024475
Leave it all to me.,2,0,teens,male,singapore,en,,5,True,False,common_voice_en_20858215.mp3,Leave It All To Me,0.9462558031082153
"The gold can be tinted yellow, white and rose color.",2,1,teens,male,singapore,en,,10,True,False,common_voice_en_20858222.mp3,the goal can be tinted yellow white and rose color,0.9249122738838196
Robinson won six Canadian national titles.,2,0,teens,male,singapore,en,,6,True,False,common_voice_en_20860092.mp3,Robinson 16 Canadian national titles,0.9219524264335632
"Like Don Andrews, he was originally a member of the Western Guard Party.",2,0,teens,male,singapore,en,,13,True,False,common_voice_en_19020925.mp3,like Dawn Andrews he was originally a member of the western got party,0.924327552318573
Rosanna's main arterial roads are Lower Plenty Road and Rosanna Road.,2,0,teens,male,singapore,en,,11,True,False,common_voice_en_20860887.mp3,Roseanna's mean arterial roads are North empty road and Rosanna Road,0.806570291519165
It has had a mixed reception compared to his other works.,2,0,teens,male,singapore,en,,11,True,False,common_voice_en_20791694.mp3,it has had a mixed reception compared to his other books,0.9616886377334595
"The city's major industries include textiles, paper-making, fine chemicals, machinery, steel and forestry products.",2,0,teens,male,singapore,en,,14,True,False,common_voice_en_20858452.mp3,the city's major industries in textiles people making Fine Chemicals Machinery steel and forestry Products,0.9026576280593872
What is it all about?,2,0,twenties,male,singapore,en,,5,True,False,common_voice_en_17340854.mp3,what is it all about,0.9838773608207703
"Huarte stressed ""somatic determinants of behavior"" which originate in the brain.",2,0,twenties,male,singapore,en,,11,True,False,common_voice_en_18722199.mp3,stress somatic terminals of behavior in the brain,0.8452552556991577
"Only the cymbal player, Nakamura, whose lunch Tomoko ate, is unaffected.",2,0,teens,male,singapore,en,,11,True,False,common_voice_en_20860165.mp3,only the symbol player Nakamura,0.9217187166213989
Think for yourself.,2,0,twenties,male,singapore,en,,3,True,False,common_voice_en_18785369.mp3,think for yourself,0.9372594952583313
Release of this set is now delayed indefinitely.,2,0,teens,male,singapore,en,,8,True,False,common_voice_en_20866764.mp3,release of this set is now delayed indefinitely,0.9360365271568298
It is an affiliate of Daystar.,2,0,teens,male,singapore,en,,6,True,False,common_voice_en_21117551.mp3,Nepali rupees.,0.4241142272949219
What can I do for you?,2,0,teens,male,singapore,en,,6,True,False,common_voice_en_17248765.mp3,what can I do for you,0.9876289963722229
A class action suit was filed against China Airlines and Airbus Industrie for compensation.,2,0,twenties,male,singapore,en,,14,True,False,common_voice_en_18785362.mp3,class action suit against China Airlines Airbus industrie for compensation,0.9301988482475281
The town's source of electricity is the nearby Sor Hydroelectric Station.,2,0,teens,male,singapore,en,,11,True,False,common_voice_en_21783502.mp3,bounce off of electricity is the nearby soul hydroelectric station,0.741833508014679
I don't think there'll be any more.,3,0,thirties,male,singapore,en,,7,True,False,common_voice_en_19196425.mp3,I don't think there'll be any more,0.961870551109314
"The riding was named after the small town of Pakan, Alberta.",2,0,teens,male,singapore,en,,11,True,False,common_voice_en_20858426.mp3,the writing was named after the small town of Alberta,0.9050565958023071
Second unit director can be a stepping stone for aspiring directors to gain experience.,2,0,teens,male,singapore,en,,14,True,False,common_voice_en_20860913.mp3,second unit director can be a stepping stone for aspiring directors to gain experience,0.8819728493690491
Bernard Cornwell's fictional character Richard Sharpe was named after him.,2,0,twenties,male,singapore,en,,10,True,False,common_voice_en_18722195.mp3,Cornwell's fictional character Richard Sharp,0.7823346257209778
Napoleon was concerned about Russia's intentions in the strategically vital Bosporus and Dardanelles straits.,2,1,teens,male,singapore,en,,14,True,False,common_voice_en_20859856.mp3,Napoleon was concerned about Russia's intentions in the Strategic streets,0.9035474061965942
"""Never to come on a green twig;"" not to get on in the world.",2,0,twenties,male,singapore,en,,14,True,False,common_voice_en_17393010.mp3,navigate to Coffman a green twig not to get on in the world,0.9093290567398071
He received the Blue Water Medal for his victory.,2,0,teens,male,singapore,en,,9,True,False,common_voice_en_20879079.mp3,repeat the Blue Water Metal Place victory,0.6903538107872009
Trenches were dug across the surrounding area to prevent an airborne attack.,2,0,teens,male,singapore,en,,12,True,False,common_voice_en_20860082.mp3,princess with dog across the surrounding area to prevent an Airborne attack,0.9620290398597717
"Similarly, pop art was both an extension and a repudiation of Dadaism.",2,1,teens,male,singapore,en,,12,True,False,common_voice_en_20866797.mp3,lollipop has been an extension and a repudiation dadaism,0.7843452095985413
He was on the mound when the final out was recorded.,2,0,twenties,male,singapore,en,,11,True,False,common_voice_en_23841252.mp3,,0.0
The couple also spent significant amounts of time in Geneva and Paris.,3,0,twenties,male,singapore,en,,12,True,False,common_voice_en_18923785.mp3,spend significant amounts of time in Geneva and Paris,0.8355007171630859
His abstract paintings are a mixture of acrylics and pen drawings.,2,0,twenties,male,singapore,en,,11,True,False,common_voice_en_21947113.mp3,,0.0
I was glad to hear this.,2,0,twenties,male,singapore,en,,6,True,False,common_voice_en_18515918.mp3,I was glad to hear this,0.9869814515113831
"The Reliant Robin aimed to provide economical, predictable personal transportation.",2,0,twenties,male,singapore,en,,10,True,False,common_voice_en_18785402.mp3,,0.0
The greater reactivity of chlorate is typical – perchlorates are kinetically poorer oxidants.,2,1,twenties,male,singapore,en,,13,True,False,common_voice_en_18722346.mp3,,0.0
A single fief will generally contain a variety of these weapons among its members.,2,1,thirties,male,singapore,en,,14,True,False,common_voice_en_19118514.mp3,a single Thief will generally contain a variety of these weapons among its members,0.9260164499282837
Vicary was unable to ever reproduce the results of his experiments.,2,1,teens,male,singapore,en,,11,True,False,common_voice_en_20879076.mp3,the greatest animal to ever reproduce the results of his experiments,0.9007248282432556
‘How did I do it?’ he inquired.,2,0,twenties,female,singapore,en,,7,True,False,common_voice_en_20034680.mp3,how did I do it,0.9797417521476746
One of the most significant differences was the coordinate system.,2,0,twenties,male,singapore,en,,10,True,False,common_voice_en_21946936.mp3,brand new Camaro significance,0.5325543880462646
The rooftop was tiled with ceramic and terracotta tiles.,2,0,teens,male,singapore,en,,9,True,False,common_voice_en_21783510.mp3,the rooftop was taught with ceramic and terracotta tiles,0.7975596785545349
Can't say I mind either way.,2,0,twenties,male,singapore,en,,6,True,False,common_voice_en_18515921.mp3,can't say I mind by the way,0.7140140533447266
It is the property of sound that most determines pitch.,2,0,teens,male,singapore,en,,10,True,False,common_voice_en_20791688.mp3,it is the property of sound that most determines pitch,0.9751446843147278
"However, it is served from a Lower Austrian mail distribution centre.",2,0,teens,male,singapore,en,,11,True,False,common_voice_en_19020932.mp3,however it is so formal Australian mail distribution center,0.7403714656829834
And so it proved.,2,0,teens,male,singapore,en,,4,True,False,common_voice_en_13714927.mp3,and so it proved,0.931114673614502
Guests can use a full practice range and separate short-game facility.,2,0,teens,male,singapore,en,,11,True,False,common_voice_en_20894843.mp3,guests can use a full practice range and separate short game facility,0.9289551377296448
"No one spoke, everyone shouted.",2,0,teens,male,singapore,en,,5,True,False,common_voice_en_20860018.mp3,no one spoke everyone shelter,0.9539925456047058
The third Dalai Lama studied at Drepung Monastery and became its abbot.,2,0,teens,male,singapore,en,,12,True,False,common_voice_en_20876202.mp3,set the alarm a study that Japan Ministry and became its habit,0.5425086617469788
Each class is composed of multiple divisions and then sections.,2,0,twenties,male,singapore,en,,10,True,False,common_voice_en_18722308.mp3,,0.0
Have you prepared for tomorrow's Geography quiz?,2,0,twenties,male,singapore,en,,7,True,False,common_voice_en_17345928.mp3,have you prepared for tomorrow's geography quiz,0.9584460854530334
Where is my dress?,2,0,,,singapore,en,,4,True,False,common_voice_en_17284354.mp3,where is my dress,0.7371711134910583
Often called 'Sanna' in Sweden.,2,0,teens,male,singapore,en,,5,True,False,common_voice_en_20879368.mp3,Hopton Court Saga in Sweden,0.7614716291427612
"""You're a good lad, you know?"" he told his son with stern eyes.",2,0,twenties,male,singapore,en,,13,True,False,common_voice_en_17345216.mp3,you're a good lad you know he caught his son with sun eyes,0.7973302006721497
Openness can be said to be the opposite of secrecy.,2,0,teens,male,singapore,en,,10,True,False,common_voice_en_20858459.mp3,open this can be set to be the opposite of secrecy,0.8438286185264587
The lawyer looks down over the hand-rail.,2,1,twenties,male,singapore,en,,7,True,False,common_voice_en_21947187.mp3,the light of town with a Henry o,0.8079309463500977
Final mixing was performed at Crystal Sound.,2,0,teens,male,singapore,en,,7,True,False,common_voice_en_21275141.mp3,final mixing was performed at Crystal sound,0.8647333383560181
It has tourist attractions like spas.,2,0,teens,male,singapore,en,,6,True,False,common_voice_en_20858394.mp3,yes tourist attractions tax pass,0.8374021649360657
One soldier was killed in action due to a roadside bomb in Iraq.,2,1,teens,male,singapore,en,,13,True,False,common_voice_en_20877985.mp3,one soldier was killed in action due to a roadside bomb in Iraq,0.9524227380752563
"He also served as director of the ""Portage Women's Shelter"".",2,0,teens,male,singapore,en,,10,True,False,common_voice_en_21117655.mp3,what's up and director of the Portage women's shelter,0.8997699022293091
Daphne is surprised to see Ethan at the competition.,2,0,teens,male,singapore,en,,9,True,False,common_voice_en_21303369.mp3,Daphne surprised to see Ethan at competition,0.7750177383422852
"It is about forty kilometres east of Prince Albert, Saskatchewan.",2,0,twenties,male,singapore,en,,10,True,False,common_voice_en_18722151.mp3,it is about 40 kilometres east of Prince Albert Saskatchewan,0.924191951751709
"Me too, so I try to get plenty wherever I go.",2,0,twenties,male,singapore,en,,11,True,False,common_voice_en_17393105.mp3,me too so I tried to get plenty Wherever I Go,0.8195817470550537
"Right, well let's poke around his lab a little.",2,1,twenties,male,singapore,en,,9,True,False,common_voice_en_17345195.mp3,right well let's poke around his lab a little,0.7899487614631653
She retracted her statement.,2,1,teens,male,singapore,en,,4,True,False,common_voice_en_13714926.mp3,he retracted his statement,0.9043068885803223
"This process is known as ""electron-hole pair generation"".",2,0,teens,male,singapore,en,,8,True,False,common_voice_en_20858496.mp3,this process is known as electron hole pair generation,0.8536673784255981
"Even with night-vision goggles, no target was in sight.",2,0,twenties,male,singapore,en,,9,True,False,common_voice_en_18515929.mp3,even with night vision goggles no target was inside,0.9363290071487427
The center is on land that had been occupied by a surface parking lot.,2,1,teens,male,singapore,en,,14,True,False,common_voice_en_21275189.mp3,the center is online to have it occupied by a surface parking lot,0.8669357895851135
They were a small group that made their ideology very clear.,2,0,teens,male,singapore,en,,11,True,False,common_voice_en_21275211.mp3,they were small group that made their ideology very clear,0.8093144297599792
"Instead, it's a relic.",2,1,twenties,male,singapore,en,,4,True,False,common_voice_en_18722244.mp3,,0.0
"The company was acquired by the Cummins Engine Company of Columbus, Indiana.",2,1,teens,male,singapore,en,,12,True,False,common_voice_en_20860125.mp3,the company was acquired by the Cummins engine company of Columbus Indiana,0.9460732936859131
Their root zones are superb micro-sites for bacterial communities.,2,0,twenties,male,singapore,en,,9,True,False,common_voice_en_18722264.mp3,the root zones of the rechabites,0.8730050921440125
Did you know that Mohammad was so good at tennis?,2,0,twenties,male,singapore,en,,10,True,False,common_voice_en_17392960.mp3,did you know that Muhammad was so good at tennis,0.9556341171264648
It is located near the source of the Wapsipinicon River.,2,0,twenties,male,singapore,en,,10,True,False,common_voice_en_20674594.mp3,it is located near the source of the Wapsipinicon River,0.9859398603439331
More friendly relations were established as the road construction increased.,2,0,teens,male,singapore,en,,10,True,False,common_voice_en_20894842.mp3,most friendly relations were established is the road construction increased,0.8884065747261047
Vonnegut's Terry Kitchen was a talented member of the Abstract Expressionist movement.,2,1,twenties,male,singapore,en,,12,True,False,common_voice_en_18722414.mp3,barcodes,0.6121742725372314
"The Brighton main line is adjacent, but is not served by this station.",2,0,twenties,male,singapore,en,,13,True,False,common_voice_en_23841199.mp3,the Brighton main line is a Jason but it's not stuff by the station,0.753172755241394
The area of Skigersta near the shore is called 'Lachamore'.,2,0,teens,male,singapore,en,,10,True,False,common_voice_en_20879351.mp3,the area of skin just the nearest Shaws caught like a mall,0.6695466637611389
"No offense, but your agility leaves a lot to be desired.",2,1,twenties,male,singapore,en,,11,True,False,common_voice_en_17393000.mp3,no offense but your agility leaves a lot to be desired,0.9838364124298096
Are children more creative than adults?,2,0,twenties,male,singapore,en,,6,True,False,common_voice_en_17392983.mp3,are children more creative than adults,0.9674271941184998
He was replaced by Katie Hopkins.,2,0,teens,male,singapore,en,,6,True,False,common_voice_en_20861068.mp3,you must have faced by Katie Hopkins,0.9105741381645203
The color of hematite lends itself to use as a pigment.,2,0,twenties,male,singapore,en,,11,True,False,common_voice_en_18785348.mp3,the color of Hamilton's lends itself to use as a pigment,0.9221538305282593
"Stewart was married four times, most notably to Margaret Hockridge.",2,0,teens,male,singapore,en,,10,True,False,common_voice_en_21783501.mp3,Gilbert was married four times most notably to Margaret Hawk Ridge,0.8464171886444092
"""I don't understand Shakespeare's sonnets at all, but I follow his tragedies,"" he said.",2,0,teens,male,singapore,en,,14,True,False,common_voice_en_20860155.mp3,I don't understand Shakespeare sonnets all by followers tragedies he said,0.899049699306488
"A wink is as good as a nod, to a blind man.",2,0,teens,male,singapore,en,,12,True,False,common_voice_en_17250776.mp3,a wink is as good as a nod to a blind man,0.9862464070320129
"Remember to take your full course of antibiotics, stopping early is dangerous for your health.",2,0,teens,male,singapore,en,,15,True,False,common_voice_en_17250766.mp3,remember to take your food course of antibiotics stopping at least dangerous for your health,0.9511745572090149
I'm afraid it is important.,2,0,teens,male,singapore,en,,5,True,False,common_voice_en_107220.mp3,I'm afraid it is important,0.9567041397094727
Your crew will do the mop up job.,2,0,teens,male,singapore,en,,8,True,False,common_voice_en_114764.mp3,your crew will do the mop up jump,0.7696513533592224
He gave the door handle an apologetic rattle.,2,0,twenties,male,singapore,en,,8,True,False,common_voice_en_18515920.mp3,he gives it to a handle Unapologetic rattle,0.8904300928115845
"To my satisfaction, I have been mentioned in the credits for my proficiency.",2,0,,,singapore,en,,13,True,False,common_voice_en_17284345.mp3,to my satisfaction I have been mentioned in the credits for my proficiency,0.9664888978004456
Simon was born in Stockholm to an American father and a Norwegian mother.,2,1,teens,male,singapore,en,,13,True,False,common_voice_en_20876387.mp3,Simon was going to still come to an American father and a Norwegian mother,0.8672014474868774
The following month Packer unexpectedly resigned from the board.,2,0,thirties,male,singapore,en,,9,True,False,common_voice_en_18844125.mp3,the following month Packer unexpectedly resigned from the board,0.9225265979766846
"She together with Yan, go live in an orphanage since Yan was running it.",2,0,teens,male,singapore,en,,14,True,False,common_voice_en_21117392.mp3,Cheetah Girl baby I don't live in an orphanage since yet,0.743302583694458
"Gibson has resided with his family in Summit, New Jersey.",2,0,teens,male,singapore,en,,10,True,False,common_voice_en_20860231.mp3,Gibson has resided with his family in Summit New Jersey,0.9773642420768738
